,0
0,A
1,AA
2,AAC
3,AACG
4,AACI
5,AACIW
6,AADI
7,AAIC
8,AAIN
9,AAL
10,AAMC
11,AAME
12,AAN
13,AAOI
14,AAON
15,AAP
16,AAPL
17,AAQC
18,AAT
19,AATC
20,AAU
21,AAWW
22,AB
23,ABB
24,ABBV
25,ABC
26,ABCB
27,ABCL
28,ABCM
29,ABEO
30,ABEV
31,ABG
32,ABGI
33,ABIO
34,ABM
35,ABMD
36,ABNB
37,ABOS
38,ABR
39,ABSI
40,ABST
41,ABT
42,ABTX
43,ABUS
44,ABVC
45,AC
46,ACA
47,ACAB
48,ACAD
49,ACAH
50,ACAHU
51,ACAHW
52,ACAQ
53,ACAXR
54,ACAXU
55,ACAXW
56,ACB
57,ACBA
58,ACBAW
59,ACC
60,ACCD
61,ACCO
62,ACDI
63,ACEL
64,ACER
65,ACET
66,ACEV
67,ACEVU
68,ACEVW
69,ACGL
70,ACGLN
71,ACGLO
72,ACH
73,ACHC
74,ACHL
75,ACHR
76,ACHV
77,ACI
78,ACII
79,ACIU
80,ACIW
81,ACKIT
82,ACKIU
83,ACKIW
84,ACLS
85,ACLX
86,ACM
87,ACMR
88,ACN
89,ACNB
90,ACON
91,ACONW
92,ACOR
93,ACP
94,ACQR
95,ACQRU
96,ACQRW
97,ACR
98,ACRE
99,ACRO
100,ACRS
101,ACRX
102,ACST
103,ACT
104,ACTD
105,ACTDU
106,ACTDW
107,ACTG
108,ACU
109,ACV
110,ACVA
111,ACXP
112,ADAG
113,ADAL
114,ADALU
115,ADALW
116,ADAP
117,ADBE
118,ADC
119,ADCT
120,ADER
121,ADERU
122,ADERW
123,ADES
124,ADEX
125,ADGI
126,ADI
127,ADIL
128,ADILW
129,ADM
130,ADMA
131,ADMP
132,ADN
133,ADNT
134,ADNWW
135,ADOC
136,ADOCR
137,ADOCW
138,ADP
139,ADPT
140,ADRA
141,ADRT
142,ADSE
143,ADSEW
144,ADSK
145,ADT
146,ADTH
147,ADTN
148,ADTX
149,ADUS
150,ADV
151,ADVM
152,ADVWW
153,ADX
154,ADXN
155,AE
156,AEAC
157,AEACU
158,AEACW
159,AEAEU
160,AEAEW
161,AEE
162,AEF
163,AEFC
164,AEG
165,AEHAW
166,AEHL
167,AEHR
168,AEI
169,AEIS
170,AEL
171,AEM
172,AEMD
173,AENZ
174,AEO
175,AEP
176,AEPPZ
177,AER
178,AERC
179,AERI
180,AES
181,AESC
182,AESE
183,AEVA
184,AEY
185,AEYE
186,AEZS
187,AFAC
188,AFACU
189,AFACW
190,AFAQ
191,AFAQU
192,AFAQW
193,AFARU
194,AFB
195,AFBI
196,AFCG
197,AFG
198,AFGB
199,AFGC
200,AFGD
201,AFGE
202,AFI
203,AFIB
204,AFL
205,AFMD
206,AFRM
207,AFT
208,AFTR
209,AFYA
210,AG
211,AGAC
212,AGBA
213,AGBAR
214,AGBAW
215,AGCB
216,AGCO
217,AGD
218,AGE
219,AGEN
220,AGFS
221,AGFY
222,AGGR
223,AGGRU
224,AGGRW
225,AGI
226,AGIL
227,AGILW
228,AGIO
229,AGL
230,AGLE
231,AGM
232,AGMH
233,AGNC
234,AGNCM
235,AGNCN
236,AGNCO
237,AGNCP
238,AGO
239,AGR
240,AGRI
241,AGRIW
242,AGRO
243,AGRX
244,AGS
245,AGTC
246,AGTI
247,AGX
248,AGYS
249,AHCO
250,AHG
251,AHH
252,AHI
253,AHPA
254,AHPAU
255,AHPAW
256,AHPI
257,AHRN
258,AHRNU
259,AHRNW
260,AHT
261,AI
262,AIB
263,AIBBR
264,AIBBU
265,AIC
266,AIF
267,AIG
268,AIH
269,AIHS
270,AIKI
271,AIM
272,AIMAU
273,AIMC
274,AIN
275,AINC
276,AINV
277,AIO
278,AIP
279,AIR
280,AIRC
281,AIRG
282,AIRI
283,AIRS
284,AIRT
285,AIRTP
286,AIT
287,AIU
288,AIV
289,AIZ
290,AIZN
291,AJG
292,AJRD
293,AJX
294,AJXA
295,AKA
296,AKAM
297,AKAN
298,AKBA
299,AKIC
300,AKICU
301,AKICW
302,AKR
303,AKRO
304,AKTS
305,AKTX
306,AKU
307,AKUS
308,AKYA
309,AL
310,ALB
311,ALBO
312,ALC
313,ALCC
314,ALCO
315,ALDX
316,ALE
317,ALEC
318,ALEX
319,ALF
320,ALFIW
321,ALG
322,ALGM
323,ALGN
324,ALGS
325,ALGT
326,ALHC
327,ALIM
328,ALIT
329,ALJJ
330,ALK
331,ALKS
332,ALKT
333,ALL
334,ALLE
335,ALLG
336,ALLK
337,ALLO
338,ALLR
339,ALLT
340,ALLY
341,ALNA
342,ALNY
343,ALOR
344,ALORU
345,ALORW
346,ALOT
347,ALPA
348,ALPAU
349,ALPAW
350,ALPN
351,ALPP
352,ALR
353,ALRM
354,ALRN
355,ALRS
356,ALSA
357,ALSAR
358,ALSAU
359,ALSAW
360,ALSN
361,ALT
362,ALTG
363,ALTO
364,ALTR
365,ALTU
366,ALTUU
367,ALTUW
368,ALV
369,ALVR
370,ALX
371,ALXO
372,ALYA
373,ALZN
374,AM
375,AMAL
376,AMAM
377,AMAO
378,AMAOU
379,AMAOW
380,AMAT
381,AMBA
382,AMBC
383,AMBO
384,AMBP
385,AMC
386,AMCI
387,AMCIU
388,AMCIW
389,AMCR
390,AMCX
391,AMD
392,AME
393,AMED
394,AMEH
395,AMG
396,AMGN
397,AMH
398,AMK
399,AMKR
400,AMLX
401,AMN
402,AMNB
403,AMOT
404,AMOV
405,AMP
406,AMPE
407,AMPG
408,AMPGW
409,AMPH
410,AMPI
411,AMPL
412,AMPS
413,AMPY
414,AMR
415,AMRC
416,AMRK
417,AMRN
418,AMRS
419,AMRX
420,AMS
421,AMSC
422,AMSF
423,AMST
424,AMSWA
425,AMT
426,AMTB
427,AMTD
428,AMTI
429,AMTX
430,AMWD
431,AMWL
432,AMX
433,AMYT
434,AMZN
435,AN
436,ANAB
437,ANAC
438,ANAT
439,ANDE
440,ANEB
441,ANET
442,ANF
443,ANGH
444,ANGHW
445,ANGI
446,ANGN
447,ANGO
448,ANIK
449,ANIP
450,ANIX
451,ANNX
452,ANPC
453,ANSS
454,ANTE
455,ANTM
456,ANTX
457,ANVS
458,ANY
459,ANZU
460,ANZUW
461,AOD
462,AOGO
463,AOGOU
464,AOGOW
465,AOMR
466,AON
467,AORT
468,AOS
469,AOSL
470,AOUT
471,AP
472,APA
473,APAC
474,APACU
475,APACW
476,APAM
477,APCA
478,APCX
479,APCXW
480,APD
481,APDN
482,APEI
483,APEN
484,APG
485,APGB
486,APH
487,API
488,APLD
489,APLE
490,APLS
491,APLT
492,APM
493,APMI
494,APMIU
495,APMIW
496,APO
497,APOG
498,APP
499,APPF
500,APPH
501,APPHW
502,APPN
503,APPS
504,APRE
505,APRN
506,APSG
507,APT
508,APTM
509,APTMU
510,APTMW
511,APTO
512,APTS
513,APTV
514,APTX
515,APVO
516,APWC
517,APXIU
518,APXIW
519,APYX
520,AQB
521,AQMS
522,AQN
523,AQNA
524,AQNB
525,AQNU
526,AQST
527,AQUA
528,AR
529,ARAV
530,ARAY
531,ARBE
532,ARBEW
533,ARBG
534,ARBGU
535,ARBGW
536,ARBK
537,ARBKL
538,ARC
539,ARCB
540,ARCC
541,ARCE
542,ARCH
543,ARCK
544,ARCKU
545,ARCKW
546,ARCO
547,ARCT
548,ARDC
549,ARDS
550,ARDX
551,ARE
552,AREB
553,AREBW
554,AREC
555,AREN
556,ARES
557,ARGD
558,ARGO
559,ARGU
560,ARGUW
561,ARGX
562,ARHS
563,ARI
564,ARIS
565,ARIZ
566,ARIZR
567,ARIZW
568,ARKO
569,ARKOW
570,ARKR
571,ARL
572,ARLO
573,ARLP
574,ARMK
575,ARMP
576,ARNC
577,AROC
578,AROW
579,ARQQ
580,ARQQW
581,ARQT
582,ARR
583,ARRW
584,ARRWW
585,ARRY
586,ARTA
587,ARTAU
588,ARTAW
589,ARTE
590,ARTEU
591,ARTEW
592,ARTL
593,ARTLW
594,ARTNA
595,ARTW
596,ARVL
597,ARVN
598,ARW
599,ARWR
600,ARYD
601,ARYE
602,ASA
603,ASAI
604,ASAN
605,ASAQ
606,ASAX
607,ASB
608,ASC
609,ASCA
610,ASCAR
611,ASCAU
612,ASCBU
613,ASG
614,ASGI
615,ASGN
616,ASH
617,ASIX
618,ASLE
619,ASLN
620,ASM
621,ASMB
622,ASML
623,ASND
624,ASO
625,ASPA
626,ASPAU
627,ASPAW
628,ASPC
629,ASPCU
630,ASPCW
631,ASPN
632,ASPS
633,ASPU
634,ASR
635,ASRT
636,ASRV
637,ASTC
638,ASTE
639,ASTL
640,ASTLW
641,ASTR
642,ASTS
643,ASTSW
644,ASUR
645,ASX
646,ASXC
647,ASYS
648,ASZ
649,ATA
650,ATAI
651,ATAK
652,ATAKR
653,ATAKU
654,ATAKW
655,ATAQ
656,ATAX
657,ATC
658,ATCO
659,ATCOL
660,ATCX
661,ATEC
662,ATEK
663,ATEN
664,ATER
665,ATEX
666,ATGE
667,ATHA
668,ATHE
669,ATHM
670,ATHX
671,ATI
672,ATIF
673,ATIP
674,ATKR
675,ATLC
676,ATLCL
677,ATLCP
678,ATLO
679,ATNF
680,ATNFW
681,ATNI
682,ATNM
683,ATNX
684,ATO
685,ATOM
686,ATOS
687,ATR
688,ATRA
689,ATRC
690,ATRI
691,ATRO
692,ATRS
693,ATSG
694,ATTO
695,ATUS
696,ATVC
697,ATVCU
698,ATVCW
699,ATVI
700,ATXI
701,ATXS
702,ATY
703,AU
704,AUB
705,AUBAP
706,AUBN
707,AUD
708,AUDC
709,AUGX
710,AUID
711,AUMN
712,AUPH
713,AUR
714,AURA
715,AURC
716,AURCU
717,AURCW
718,AUROW
719,AUS
720,AUST
721,AUTL
722,AUTO
723,AUUD
724,AUUDW
725,AUVI
726,AUVIP
727,AUY
728,AVA
729,AVAC
730,AVAH
731,AVAL
732,AVAN
733,AVAV
734,AVB
735,AVCO
736,AVCT
737,AVCTW
738,AVD
739,AVDL
740,AVDX
741,AVEO
742,AVGO
743,AVGOP
744,AVGR
745,AVHI
746,AVHIW
747,AVID
748,AVIR
749,AVK
750,AVLR
751,AVNS
752,AVNT
753,AVNW
754,AVO
755,AVPT
756,AVPTW
757,AVRO
758,AVT
759,AVTE
760,AVTR
761,AVTX
762,AVXL
763,AVY
764,AVYA
765,AWF
766,AWH
767,AWI
768,AWK
769,AWP
770,AWR
771,AWRE
772,AWX
773,AX
774,AXAC
775,AXDX
776,AXGN
777,AXH
778,AXL
779,AXLA
780,AXNX
781,AXON
782,AXP
783,AXR
784,AXS
785,AXSM
786,AXTA
787,AXTI
788,AXU
789,AY
790,AYI
791,AYLA
792,AYRO
793,AYTU
794,AYX
795,AZ
796,AZEK
797,AZN
798,AZO
799,AZPN
800,AZRE
801,AZTA
802,AZUL
803,AZYO
804,AZZ
805,B
806,BA
807,BABA
808,BAC
809,BACA
810,BAFN
811,BAH
812,BAK
813,BALL
814,BALY
815,BAM
816,BAMH
817,BAMI
818,BAMR
819,BANC
820,BAND
821,BANF
822,BANFP
823,BANR
824,BANX
825,BAOS
826,BAP
827,BARK
828,BASE
829,BATL
830,BATRA
831,BATRK
832,BAX
833,BB
834,BBAI
835,BBAR
836,BBBY
837,BBCP
838,BBD
839,BBDC
840,BBDO
841,BBGI
842,BBI
843,BBIG
844,BBIO
845,BBLG
846,BBLGW
847,BBLN
848,BBN
849,BBQ
850,BBSI
851,BBU
852,BBUC
853,BBVA
854,BBW
855,BBWI
856,BBY
857,BC
858,BCAB
859,BCAC
860,BCACU
861,BCACW
862,BCAT
863,BCBP
864,BCC
865,BCDA
866,BCDAW
867,BCE
868,BCEL
869,BCH
870,BCLI
871,BCML
872,BCO
873,BCOR
874,BCOV
875,BCOW
876,BCPC
877,BCRX
878,BCS
879,BCSA
880,BCSAU
881,BCSAW
882,BCSF
883,BCTX
884,BCTXW
885,BCV
886,BCX
887,BCYC
888,BDC
889,BDJ
890,BDL
891,BDN
892,BDR
893,BDSX
894,BDTX
895,BDX
896,BDXB
897,BE
898,BEAM
899,BEAT
900,BEATW
901,BECN
902,BEDU
903,BEEM
904,BEEMW
905,BEKE
906,BELFA
907,BELFB
908,BEN
909,BENE
910,BENER
911,BENEU
912,BENEW
913,BEP
914,BEPC
915,BEPH
916,BEPI
917,BERY
918,BEST
919,BFAC
920,BFAM
921,BFC
922,BFH
923,BFI
924,BFIIW
925,BFIN
926,BFK
927,BFLY
928,BFRI
929,BFRIW
930,BFS
931,BFST
932,BFZ
933,BG
934,BGB
935,BGCP
936,BGFV
937,BGH
938,BGI
939,BGNE
940,BGR
941,BGRY
942,BGRYW
943,BGS
944,BGSF
945,BGSX
946,BGT
947,BGX
948,BGY
949,BH
950,BHAC
951,BHACU
952,BHACW
953,BHAT
954,BHB
955,BHC
956,BHE
957,BHF
958,BHFAL
959,BHFAM
960,BHFAN
961,BHFAO
962,BHFAP
963,BHG
964,BHIL
965,BHK
966,BHLB
967,BHP
968,BHR
969,BHSE
970,BHSEU
971,BHSEW
972,BHV
973,BHVN
974,BIDU
975,BIG
976,BIGC
977,BIGZ
978,BIIB
979,BILI
980,BILL
981,BIMI
982,BIO
983,BIOC
984,BIOL
985,BIOR
986,BIOS
987,BIOSU
988,BIOSW
989,BIOT
990,BIOTU
991,BIOTW
992,BIOX
993,BIP
994,BIPC
995,BIPH
996,BIPI
997,BIRD
998,BIT
999,BITE
1000,BITF
1001,BIVI
1002,BJ
1003,BJDX
1004,BJRI
1005,BK
1006,BKCC
1007,BKD
1008,BKE
1009,BKEP
1010,BKEPP
1011,BKH
1012,BKI
1013,BKKT
1014,BKN
1015,BKNG
1016,BKR
1017,BKSC
1018,BKSY
1019,BKT
1020,BKTI
1021,BKU
1022,BKYI
1023,BL
1024,BLBD
1025,BLBX
1026,BLCM
1027,BLCO
1028,BLCT
1029,BLD
1030,BLDE
1031,BLDEW
1032,BLDP
1033,BLDR
1034,BLE
1035,BLEU
1036,BLEUU
1037,BLEUW
1038,BLFS
1039,BLFY
1040,BLI
1041,BLIN
1042,BLK
1043,BLKB
1044,BLMN
1045,BLND
1046,BLNG
1047,BLNGU
1048,BLNGW
1049,BLNK
1050,BLNKW
1051,BLPH
1052,BLRX
1053,BLSA
1054,BLTE
1055,BLTS
1056,BLTSU
1057,BLTSW
1058,BLU
1059,BLUA
1060,BLUE
1061,BLW
1062,BLX
1063,BLZE
1064,BMA
1065,BMAC
1066,BMAQ
1067,BMAQR
1068,BMAQU
1069,BMAQW
1070,BMBL
1071,BME
1072,BMEA
1073,BMEZ
1074,BMI
1075,BMO
1076,BMRA
1077,BMRC
1078,BMRN
1079,BMTX
1080,BMY
1081,BNED
1082,BNFT
1083,BNGO
1084,BNGOW
1085,BNIX
1086,BNIXR
1087,BNIXW
1088,BNL
1089,BNNR
1090,BNNRU
1091,BNNRW
1092,BNOX
1093,BNR
1094,BNS
1095,BNSO
1096,BNTC
1097,BNTX
1098,BNY
1099,BOAC
1100,BOAS
1101,BOC
1102,BOCN
1103,BOCNU
1104,BOCNW
1105,BODY
1106,BOE
1107,BOH
1108,BOKF
1109,BOLT
1110,BON
1111,BOOM
1112,BOOT
1113,BORR
1114,BOSC
1115,BOTJ
1116,BOWL
1117,BOX
1118,BOXD
1119,BOXL
1120,BP
1121,BPACU
1122,BPMC
1123,BPOP
1124,BPOPM
1125,BPRN
1126,BPT
1127,BPTH
1128,BPTS
1129,BPYPM
1130,BPYPN
1131,BPYPO
1132,BPYPP
1133,BQ
1134,BR
1135,BRAC
1136,BRACU
1137,BRAG
1138,BRBR
1139,BRBS
1140,BRC
1141,BRCC
1142,BRCN
1143,BRD
1144,BRDG
1145,BRDS
1146,BREZ
1147,BREZR
1148,BREZW
1149,BRFH
1150,BRFS
1151,BRG
1152,BRID
1153,BRIV
1154,BRIVU
1155,BRIVW
1156,BRKH
1157,BRKHU
1158,BRKHW
1159,BRKL
1160,BRKR
1161,BRLI
1162,BRLIR
1163,BRLIU
1164,BRLIW
1165,BRLT
1166,BRMK
1167,BRN
1168,BRO
1169,BROG
1170,BROGW
1171,BROS
1172,BRP
1173,BRPM
1174,BRPMU
1175,BRPMW
1176,BRQS
1177,BRSP
1178,BRT
1179,BRTX
1180,BRW
1181,BRX
1182,BRY
1183,BRZE
1184,BSAC
1185,BSAQ
1186,BSBK
1187,BSBR
1188,BSET
1189,BSFC
1190,BSGA
1191,BSGAR
1192,BSGM
1193,BSIG
1194,BSKY
1195,BSKYU
1196,BSKYW
1197,BSL
1198,BSM
1199,BSMX
1200,BSQR
1201,BSRR
1202,BST
1203,BSTZ
1204,BSVN
1205,BSX
1206,BSY
1207,BTA
1208,BTAI
1209,BTB
1210,BTBD
1211,BTBDW
1212,BTBT
1213,BTCM
1214,BTCS
1215,BTCY
1216,BTG
1217,BTI
1218,BTN
1219,BTO
1220,BTOG
1221,BTRS
1222,BTT
1223,BTTR
1224,BTTX
1225,BTU
1226,BTWN
1227,BTWNU
1228,BTWNW
1229,BTX
1230,BTZ
1231,BUD
1232,BUI
1233,BUR
1234,BURL
1235,BUSE
1236,BV
1237,BVH
1238,BVN
1239,BVS
1240,BVXV
1241,BW
1242,BWA
1243,BWAC
1244,BWACU
1245,BWACW
1246,BWAQ
1247,BWAQR
1248,BWAQU
1249,BWAQW
1250,BWAY
1251,BWB
1252,BWBBP
1253,BWC
1254,BWCAU
1255,BWCAW
1256,BWEN
1257,BWFG
1258,BWG
1259,BWMN
1260,BWMX
1261,BWNB
1262,BWSN
1263,BWV
1264,BWXT
1265,BX
1266,BXC
1267,BXMT
1268,BXMX
1269,BXP
1270,BXRX
1271,BXSL
1272,BY
1273,BYD
1274,BYFC
1275,BYM
1276,BYN
1277,BYND
1278,BYNO
1279,BYNOU
1280,BYNOW
1281,BYRN
1282,BYSI
1283,BYTS
1284,BYTSU
1285,BZ
1286,BZFD
1287,BZFDW
1288,BZH
1289,BZUN
1290,C
1291,CAAP
1292,CAAS
1293,CABA
1294,CABO
1295,CAC
1296,CACC
1297,CACI
1298,CADE
1299,CADL
1300,CAE
1301,CAF
1302,CAG
1303,CAH
1304,CAJ
1305,CAKE
1306,CAL
1307,CALA
1308,CALB
1309,CALM
1310,CALT
1311,CALX
1312,CAMP
1313,CAMT
1314,CAN
1315,CANF
1316,CANG
1317,CANO
1318,CAPL
1319,CAPR
1320,CAR
1321,CARA
1322,CARE
1323,CARG
1324,CARR
1325,CARS
1326,CARV
1327,CAS
1328,CASA
1329,CASH
1330,CASI
1331,CASS
1332,CASY
1333,CAT
1334,CATC
1335,CATO
1336,CATY
1337,CB
1338,CBAN
1339,CBAT
1340,CBAY
1341,CBD
1342,CBFV
1343,CBH
1344,CBIO
1345,CBL
1346,CBNK
1347,CBOE
1348,CBRE
1349,CBRG
1350,CBRGU
1351,CBRGW
1352,CBRL
1353,CBSH
1354,CBT
1355,CBTX
1356,CBU
1357,CBZ
1358,CC
1359,CCAI
1360,CCAIW
1361,CCAP
1362,CCB
1363,CCBG
1364,CCCC
1365,CCCS
1366,CCD
1367,CCEL
1368,CCEP
1369,CCF
1370,CCI
1371,CCJ
1372,CCK
1373,CCL
1374,CCLP
1375,CCM
1376,CCMP
1377,CCNC
1378,CCNE
1379,CCNEP
1380,CCO
1381,CCOI
1382,CCRD
1383,CCRN
1384,CCS
1385,CCSI
1386,CCTS
1387,CCTSU
1388,CCTSW
1389,CCU
1390,CCV
1391,CCVI
1392,CCXI
1393,CCZ
1394,CD
1395,CDAK
1396,CDAQ
1397,CDAQU
1398,CDAQW
1399,CDAY
1400,CDE
1401,CDEV
1402,CDK
1403,CDLX
1404,CDMO
1405,CDNA
1406,CDNS
1407,CDR
1408,CDRE
1409,CDRO
1410,CDROW
1411,CDTX
1412,CDW
1413,CDXC
1414,CDXS
1415,CDZI
1416,CDZIP
1417,CE
1418,CEA
1419,CEAD
1420,CEADW
1421,CECE
1422,CEE
1423,CEG
1424,CEI
1425,CEIX
1426,CELC
1427,CELH
1428,CELU
1429,CELUW
1430,CELZ
1431,CEM
1432,CEMI
1433,CEN
1434,CENN
1435,CENQ
1436,CENQU
1437,CENQW
1438,CENT
1439,CENTA
1440,CENX
1441,CEPU
1442,CEQP
1443,CERE
1444,CERN
1445,CERS
1446,CERT
1447,CET
1448,CETX
1449,CETXP
1450,CEV
1451,CEVA
1452,CF
1453,CFB
1454,CFBK
1455,CFFE
1456,CFFEU
1457,CFFEW
1458,CFFI
1459,CFFN
1460,CFFS
1461,CFFSU
1462,CFFSW
1463,CFG
1464,CFIV
1465,CFIVU
1466,CFIVW
1467,CFLT
1468,CFMS
1469,CFR
1470,CFRX
1471,CFSB
1472,CFVI
1473,CFVIU
1474,CFVIW
1475,CG
1476,CGA
1477,CGABL
1478,CGAU
1479,CGBD
1480,CGC
1481,CGEM
1482,CGEN
1483,CGNT
1484,CGNX
1485,CGO
1486,CGRN
1487,CGTX
1488,CHAA
1489,CHCI
1490,CHCO
1491,CHCT
1492,CHD
1493,CHDN
1494,CHE
1495,CHEAU
1496,CHEF
1497,CHEK
1498,CHEKZ
1499,CHGG
1500,CHH
1501,CHI
1502,CHK
1503,CHKEL
1504,CHKEW
1505,CHKEZ
1506,CHKP
1507,CHMG
1508,CHMI
1509,CHN
1510,CHNG
1511,CHNGU
1512,CHNR
1513,CHPT
1514,CHRA
1515,CHRB
1516,CHRS
1517,CHRW
1518,CHS
1519,CHSCL
1520,CHSCM
1521,CHSCN
1522,CHSCO
1523,CHSCP
1524,CHT
1525,CHTR
1526,CHUY
1527,CHW
1528,CHWA
1529,CHWAU
1530,CHWAW
1531,CHWY
1532,CHX
1533,CHY
1534,CI
1535,CIA
1536,CIB
1537,CIDM
1538,CIEN
1539,CIF
1540,CIFR
1541,CIFRW
1542,CIG
1543,CIGI
1544,CIH
1545,CII
1546,CIIG
1547,CIIGU
1548,CIIGW
1549,CIK
1550,CIM
1551,CINC
1552,CINF
1553,CING
1554,CINGW
1555,CINT
1556,CIO
1557,CION
1558,CIR
1559,CISO
1560,CITE
1561,CITEU
1562,CIVB
1563,CIVI
1564,CIX
1565,CIXX
1566,CIZN
1567,CJJD
1568,CKPT
1569,CKX
1570,CL
1571,CLAA
1572,CLAQ
1573,CLAQR
1574,CLAQW
1575,CLAR
1576,CLAS
1577,CLAY
1578,CLAYU
1579,CLAYW
1580,CLB
1581,CLBK
1582,CLBR
1583,CLBS
1584,CLBT
1585,CLBTW
1586,CLDT
1587,CLDX
1588,CLEU
1589,CLF
1590,CLFD
1591,CLGN
1592,CLH
1593,CLIM
1594,CLIN
1595,CLINR
1596,CLINU
1597,CLIR
1598,CLLS
1599,CLM
1600,CLMT
1601,CLNE
1602,CLNN
1603,CLNNW
1604,CLOE
1605,CLOEU
1606,CLOV
1607,CLPR
1608,CLPS
1609,CLPT
1610,CLR
1611,CLRB
1612,CLRCU
1613,CLRM
1614,CLRMU
1615,CLRMW
1616,CLRO
1617,CLS
1618,CLSD
1619,CLSK
1620,CLSN
1621,CLST
1622,CLVR
1623,CLVRW
1624,CLVS
1625,CLVT
1626,CLW
1627,CLWT
1628,CLX
1629,CLXT
1630,CM
1631,CMA
1632,CMAX
1633,CMAXW
1634,CMBM
1635,CMC
1636,CMCA
1637,CMCAU
1638,CMCAW
1639,CMCL
1640,CMCM
1641,CMCO
1642,CMCSA
1643,CMCT
1644,CME
1645,CMG
1646,CMI
1647,CMLS
1648,CMMB
1649,CMP
1650,CMPI
1651,CMPO
1652,CMPOW
1653,CMPR
1654,CMPS
1655,CMPX
1656,CMRE
1657,CMRX
1658,CMS
1659,CMSA
1660,CMSC
1661,CMSD
1662,CMT
1663,CMTG
1664,CMTL
1665,CMU
1666,CNA
1667,CNC
1668,CNCE
1669,CND
1670,CNDA
1671,CNDB
1672,CNDT
1673,CNET
1674,CNEY
1675,CNF
1676,CNFR
1677,CNFRL
1678,CNGL
1679,CNGLU
1680,CNGLW
1681,CNHI
1682,CNI
1683,CNK
1684,CNM
1685,CNMD
1686,CNNB
1687,CNNE
1688,CNO
1689,CNOB
1690,CNOBP
1691,CNP
1692,CNQ
1693,CNR
1694,CNS
1695,CNSL
1696,CNSP
1697,CNTA
1698,CNTB
1699,CNTG
1700,CNTQ
1701,CNTQU
1702,CNTQW
1703,CNTX
1704,CNTY
1705,CNVY
1706,CNX
1707,CNXC
1708,CNXN
1709,CO
1710,COCO
1711,COCP
1712,CODA
1713,CODI
1714,CODX
1715,COE
1716,COF
1717,COFS
1718,COGT
1719,COHN
1720,COHR
1721,COHU
1722,COIN
1723,COKE
1724,COLB
1725,COLD
1726,COLI
1727,COLIU
1728,COLIW
1729,COLL
1730,COLM
1731,COMM
1732,COMP
1733,COMS
1734,COMSP
1735,COMSW
1736,CONN
1737,CONX
1738,CONXU
1739,CONXW
1740,COO
1741,COOK
1742,COOL
1743,COOLU
1744,COOLW
1745,COOP
1746,COP
1747,CORR
1748,CORT
1749,CORZ
1750,CORZW
1751,COSM
1752,COST
1753,COTY
1754,COUP
1755,COUR
1756,COVA
1757,COVAU
1758,COVAW
1759,COWN
1760,COWNL
1761,CP
1762,CPA
1763,CPAA
1764,CPAAU
1765,CPAAW
1766,CPAC
1767,CPAQ
1768,CPAQU
1769,CPAR
1770,CPARU
1771,CPARW
1772,CPB
1773,CPE
1774,CPF
1775,CPG
1776,CPHC
1777,CPHI
1778,CPIX
1779,CPK
1780,CPLP
1781,CPNG
1782,CPOP
1783,CPRI
1784,CPRT
1785,CPRX
1786,CPS
1787,CPSH
1788,CPSI
1789,CPSS
1790,CPT
1791,CPTAG
1792,CPTAL
1793,CPTK
1794,CPTN
1795,CPTNW
1796,CPUH
1797,CPZ
1798,CQP
1799,CR
1800,CRAI
1801,CRBP
1802,CRBU
1803,CRC
1804,CRCT
1805,CRDF
1806,CRDL
1807,CRDO
1808,CREC
1809,CRECU
1810,CRECW
1811,CREG
1812,CRESW
1813,CRESY
1814,CREX
1815,CRF
1816,CRGE
1817,CRGY
1818,CRH
1819,CRHC
1820,CRI
1821,CRIS
1822,CRK
1823,CRKN
1824,CRL
1825,CRM
1826,CRMD
1827,CRMT
1828,CRNC
1829,CRNT
1830,CRNX
1831,CRON
1832,CROX
1833,CRS
1834,CRSP
1835,CRSR
1836,CRT
1837,CRTD
1838,CRTDW
1839,CRTO
1840,CRTX
1841,CRU
1842,CRUS
1843,CRVL
1844,CRVS
1845,CRWD
1846,CRWS
1847,CRXT
1848,CRXTW
1849,CRZN
1850,CRZNW
1851,CS
1852,CSAN
1853,CSBR
1854,CSCO
1855,CSCW
1856,CSGP
1857,CSGS
1858,CSII
1859,CSIQ
1860,CSL
1861,CSLM
1862,CSLMR
1863,CSLMU
1864,CSPI
1865,CSQ
1866,CSR
1867,CSSE
1868,CSSEN
1869,CSSEP
1870,CSTA
1871,CSTE
1872,CSTL
1873,CSTM
1874,CSTR
1875,CSV
1876,CSWC
1877,CSWI
1878,CSX
1879,CTAQ
1880,CTAQU
1881,CTAQW
1882,CTAS
1883,CTBB
1884,CTBI
1885,CTDD
1886,CTEK
1887,CTG
1888,CTGO
1889,CTHR
1890,CTIB
1891,CTIC
1892,CTK
1893,CTKB
1894,CTLP
1895,CTLT
1896,CTMX
1897,CTO
1898,CTOS
1899,CTR
1900,CTRA
1901,CTRE
1902,CTRM
1903,CTRN
1904,CTS
1905,CTSH
1906,CTSO
1907,CTT
1908,CTV
1909,CTVA
1910,CTXR
1911,CTXRW
1912,CTXS
1913,CUBA
1914,CUBB
1915,CUBE
1916,CUBI
1917,CUE
1918,CUEN
1919,CUENW
1920,CUK
1921,CULL
1922,CULP
1923,CURI
1924,CURIW
1925,CURO
1926,CURV
1927,CUTR
1928,CUZ
1929,CVAC
1930,CVBF
1931,CVCO
1932,CVCY
1933,CVE
1934,CVEO
1935,CVET
1936,CVGI
1937,CVGW
1938,CVI
1939,CVII
1940,CVLG
1941,CVLT
1942,CVLY
1943,CVM
1944,CVNA
1945,CVR
1946,CVRX
1947,CVS
1948,CVT
1949,CVU
1950,CVV
1951,CVX
1952,CW
1953,CWAN
1954,CWBC
1955,CWBR
1956,CWCO
1957,CWEN
1958,CWH
1959,CWK
1960,CWST
1961,CWT
1962,CX
1963,CXAC
1964,CXDO
1965,CXE
1966,CXH
1967,CXM
1968,CXW
1969,CYAD
1970,CYAN
1971,CYBE
1972,CYBN
1973,CYBR
1974,CYCC
1975,CYCCP
1976,CYCN
1977,CYD
1978,CYH
1979,CYN
1980,CYRN
1981,CYRX
1982,CYT
1983,CYTH
1984,CYTK
1985,CYTO
1986,CYXT
1987,CZNC
1988,CZOO
1989,CZR
1990,CZWI
1991,D
1992,DAC
1993,DADA
1994,DAIO
1995,DAKT
1996,DAL
1997,DALN
1998,DALS
1999,DAN
2000,DAO
2001,DAOO
2002,DAOOU
2003,DAOOW
2004,DAR
2005,DARE
2006,DASH
2007,DATS
2008,DATSW
2009,DAVA
2010,DAVE
2011,DAVEW
2012,DAWN
2013,DB
2014,DBD
2015,DBGI
2016,DBGIW
2017,DBI
2018,DBL
2019,DBRG
2020,DBTX
2021,DBVT
2022,DBX
2023,DC
2024,DCBO
2025,DCF
2026,DCFC
2027,DCFCW
2028,DCGO
2029,DCGOW
2030,DCI
2031,DCO
2032,DCOM
2033,DCOMP
2034,DCP
2035,DCPH
2036,DCRD
2037,DCRDU
2038,DCRDW
2039,DCT
2040,DCTH
2041,DCUE
2042,DD
2043,DDD
2044,DDF
2045,DDI
2046,DDL
2047,DDOG
2048,DDS
2049,DDT
2050,DE
2051,DEA
2052,DECAU
2053,DECK
2054,DEI
2055,DELL
2056,DEN
2057,DENN
2058,DEO
2059,DERM
2060,DESP
2061,DEX
2062,DFFN
2063,DFH
2064,DFIN
2065,DFP
2066,DFS
2067,DG
2068,DGHI
2069,DGICA
2070,DGICB
2071,DGII
2072,DGLY
2073,DGNU
2074,DGX
2075,DH
2076,DHAC
2077,DHACU
2078,DHBC
2079,DHBCU
2080,DHBCW
2081,DHC
2082,DHCA
2083,DHCAU
2084,DHCAW
2085,DHCNI
2086,DHCNL
2087,DHF
2088,DHHC
2089,DHHCU
2090,DHHCW
2091,DHI
2092,DHIL
2093,DHR
2094,DHT
2095,DHX
2096,DHY
2097,DIAX
2098,DIBS
2099,DICE
2100,DIDI
2101,DILA
2102,DILAU
2103,DIN
2104,DINO
2105,DIOD
2106,DIS
2107,DISA
2108,DISAU
2109,DISAW
2110,DISH
2111,DIT
2112,DJCO
2113,DK
2114,DKDCA
2115,DKDCW
2116,DKL
2117,DKNG
2118,DKS
2119,DLA
2120,DLB
2121,DLCA
2122,DLCAU
2123,DLCAW
2124,DLHC
2125,DLNG
2126,DLO
2127,DLPN
2128,DLR
2129,DLTH
2130,DLTR
2131,DLX
2132,DLY
2133,DM
2134,DMA
2135,DMAC
2136,DMAQ
2137,DMB
2138,DMF
2139,DMLP
2140,DMO
2141,DMRC
2142,DMS
2143,DMTK
2144,DMYS
2145,DNA
2146,DNAA
2147,DNAB
2148,DNAC
2149,DNAD
2150,DNAY
2151,DNB
2152,DNLI
2153,DNMR
2154,DNN
2155,DNOW
2156,DNP
2157,DNUT
2158,DNZ
2159,DO
2160,DOC
2161,DOCN
2162,DOCS
2163,DOCU
2164,DOGZ
2165,DOLE
2166,DOMA
2167,DOMO
2168,DOOO
2169,DOOR
2170,DORM
2171,DOUG
2172,DOV
2173,DOW
2174,DOX
2175,DOYU
2176,DPCS
2177,DPCSU
2178,DPCSW
2179,DPG
2180,DPRO
2181,DPSI
2182,DPZ
2183,DQ
2184,DRAY
2185,DRAYU
2186,DRAYW
2187,DRCT
2188,DRCTW
2189,DRD
2190,DRE
2191,DRH
2192,DRI
2193,DRIO
2194,DRMA
2195,DRMAW
2196,DRQ
2197,DRRX
2198,DRTS
2199,DRTSW
2200,DRTT
2201,DRUG
2202,DRVN
2203,DS
2204,DSAC
2205,DSACU
2206,DSACW
2207,DSAQ
2208,DSEY
2209,DSGN
2210,DSGR
2211,DSGX
2212,DSKE
2213,DSL
2214,DSM
2215,DSP
2216,DSS
2217,DSU
2218,DSWL
2219,DSX
2220,DT
2221,DTB
2222,DTC
2223,DTE
2224,DTEA
2225,DTF
2226,DTG
2227,DTIL
2228,DTM
2229,DTOC
2230,DTOCU
2231,DTOCW
2232,DTP
2233,DTRT
2234,DTRTU
2235,DTRTW
2236,DTSS
2237,DTST
2238,DTSTW
2239,DTW
2240,DUET
2241,DUETW
2242,DUK
2243,DUKB
2244,DUNE
2245,DUNEU
2246,DUNEW
2247,DUO
2248,DUOL
2249,DUOT
2250,DV
2251,DVA
2252,DVAX
2253,DVN
2254,DWAC
2255,DWACU
2256,DWACW
2257,DWIN
2258,DWSN
2259,DX
2260,DXC
2261,DXCM
2262,DXF
2263,DXLG
2264,DXPE
2265,DXR
2266,DXYN
2267,DY
2268,DYAI
2269,DYFN
2270,DYN
2271,DYNS
2272,DYNT
2273,DZSI
2274,E
2275,EA
2276,EAC
2277,EACPU
2278,EACPW
2279,EAD
2280,EAF
2281,EAI
2282,EAR
2283,EARN
2284,EAST
2285,EAT
2286,EB
2287,EBAC
2288,EBAY
2289,EBC
2290,EBET
2291,EBF
2292,EBIX
2293,EBMT
2294,EBON
2295,EBR
2296,EBS
2297,EBTC
2298,EC
2299,ECAT
2300,ECCC
2301,ECCV
2302,ECCW
2303,ECCX
2304,ECF
2305,ECL
2306,ECOR
2307,ECPG
2308,ECVT
2309,ED
2310,EDAP
2311,EDBL
2312,EDBLW
2313,EDD
2314,EDF
2315,EDI
2316,EDIT
2317,EDN
2318,EDNC
2319,EDNCU
2320,EDR
2321,EDRY
2322,EDSA
2323,EDTK
2324,EDTX
2325,EDTXU
2326,EDTXW
2327,EDU
2328,EDUC
2329,EE
2330,EEA
2331,EEFT
2332,EEIQ
2333,EEX
2334,EFC
2335,EFL
2336,EFOI
2337,EFR
2338,EFSC
2339,EFSCP
2340,EFT
2341,EFTR
2342,EFTRW
2343,EFX
2344,EGAN
2345,EGBN
2346,EGF
2347,EGGF
2348,EGHT
2349,EGLE
2350,EGLX
2351,EGO
2352,EGP
2353,EGRX
2354,EGY
2355,EH
2356,EHC
2357,EHI
2358,EHTH
2359,EIC
2360,EICA
2361,EIG
2362,EIGR
2363,EIM
2364,EIX
2365,EJFA
2366,EJFAU
2367,EJFAW
2368,EJH
2369,EKSO
2370,EL
2371,ELA
2372,ELAN
2373,ELAT
2374,ELBM
2375,ELC
2376,ELDN
2377,ELEV
2378,ELF
2379,ELLO
2380,ELMD
2381,ELMS
2382,ELMSW
2383,ELOX
2384,ELP
2385,ELS
2386,ELSE
2387,ELTK
2388,ELVT
2389,ELY
2390,ELYM
2391,ELYS
2392,EM
2393,EMAN
2394,EMBC
2395,EMBK
2396,EMBKW
2397,EMCF
2398,EMD
2399,EME
2400,EMF
2401,EMKR
2402,EML
2403,EMLD
2404,EMLDU
2405,EMLDW
2406,EMN
2407,EMO
2408,EMP
2409,EMR
2410,EMX
2411,ENB
2412,ENBA
2413,ENCP
2414,ENCPU
2415,ENCPW
2416,ENDP
2417,ENER
2418,ENERR
2419,ENERU
2420,ENERW
2421,ENFN
2422,ENG
2423,ENIA
2424,ENIC
2425,ENJ
2426,ENJY
2427,ENJYW
2428,ENLC
2429,ENLV
2430,ENO
2431,ENOB
2432,ENOV
2433,ENPC
2434,ENPH
2435,ENR
2436,ENS
2437,ENSC
2438,ENSG
2439,ENSV
2440,ENTA
2441,ENTF
2442,ENTFU
2443,ENTFW
2444,ENTG
2445,ENTX
2446,ENTXW
2447,ENV
2448,ENVA
2449,ENVB
2450,ENVX
2451,ENX
2452,ENZ
2453,EOCW
2454,EOD
2455,EOG
2456,EOI
2457,EOLS
2458,EOS
2459,EOSE
2460,EOSEW
2461,EOT
2462,EP
2463,EPAC
2464,EPAM
2465,EPAY
2466,EPC
2467,EPD
2468,EPHY
2469,EPHYU
2470,EPHYW
2471,EPIX
2472,EPM
2473,EPR
2474,EPRT
2475,EPSN
2476,EPWR
2477,EPZM
2478,EQ
2479,EQBK
2480,EQC
2481,EQD
2482,EQH
2483,EQHA
2484,EQIX
2485,EQNR
2486,EQOS
2487,EQR
2488,EQRX
2489,EQRXW
2490,EQS
2491,EQT
2492,EQX
2493,ERAS
2494,ERC
2495,ERES
2496,ERESU
2497,ERESW
2498,ERF
2499,ERH
2500,ERIC
2501,ERIE
2502,ERII
2503,ERJ
2504,ERO
2505,ERYP
2506,ES
2507,ESAB
2508,ESAC
2509,ESACU
2510,ESACW
2511,ESBK
2512,ESCA
2513,ESE
2514,ESEA
2515,ESGC
2516,ESGR
2517,ESGRO
2518,ESGRP
2519,ESI
2520,ESLT
2521,ESM
2522,ESMT
2523,ESNT
2524,ESOA
2525,ESP
2526,ESPR
2527,ESQ
2528,ESRT
2529,ESS
2530,ESSA
2531,ESSC
2532,ESSCR
2533,ESSCW
2534,ESTA
2535,ESTC
2536,ESTE
2537,ET
2538,ETAC
2539,ETACU
2540,ETACW
2541,ETB
2542,ETD
2543,ETG
2544,ETJ
2545,ETN
2546,ETNB
2547,ETO
2548,ETON
2549,ETR
2550,ETRN
2551,ETSY
2552,ETTX
2553,ETV
2554,ETW
2555,ETWO
2556,ETY
2557,EUCR
2558,EUCRU
2559,EUCRW
2560,EURN
2561,EVA
2562,EVAX
2563,EVBG
2564,EVBN
2565,EVC
2566,EVCM
2567,EVE
2568,EVER
2569,EVEX
2570,EVF
2571,EVFM
2572,EVG
2573,EVGN
2574,EVGO
2575,EVGOW
2576,EVGR
2577,EVGRU
2578,EVGRW
2579,EVH
2580,EVI
2581,EVK
2582,EVLO
2583,EVLV
2584,EVLVW
2585,EVM
2586,EVN
2587,EVO
2588,EVOJ
2589,EVOJU
2590,EVOJW
2591,EVOK
2592,EVOP
2593,EVR
2594,EVRG
2595,EVRI
2596,EVT
2597,EVTC
2598,EVTL
2599,EVV
2600,EW
2601,EWBC
2602,EWCZ
2603,EWTX
2604,EXAI
2605,EXAS
2606,EXC
2607,EXD
2608,EXEL
2609,EXFY
2610,EXG
2611,EXK
2612,EXLS
2613,EXN
2614,EXP
2615,EXPD
2616,EXPE
2617,EXPI
2618,EXPO
2619,EXPR
2620,EXR
2621,EXTN
2622,EXTR
2623,EYE
2624,EYEN
2625,EYES
2626,EYESW
2627,EYPT
2628,EZFL
2629,EZGO
2630,EZPW
2631,F
2632,FA
2633,FACA
2634,FACT
2635,FAF
2636,FAM
2637,FAMI
2638,FANG
2639,FANH
2640,FARM
2641,FARO
2642,FAST
2643,FAT
2644,FATBB
2645,FATBP
2646,FATE
2647,FATH
2648,FATP
2649,FATPW
2650,FAX
2651,FB
2652,FBC
2653,FBHS
2654,FBIO
2655,FBIOP
2656,FBIZ
2657,FBK
2658,FBMS
2659,FBNC
2660,FBP
2661,FBRT
2662,FBRX
2663,FC
2664,FCAP
2665,FCAX
2666,FCBC
2667,FCCO
2668,FCEL
2669,FCF
2670,FCFS
2671,FCN
2672,FCNCA
2673,FCNCO
2674,FCNCP
2675,FCO
2676,FCPT
2677,FCRD
2678,FCRX
2679,FCT
2680,FCUV
2681,FCX
2682,FDBC
2683,FDEU
2684,FDMT
2685,FDP
2686,FDS
2687,FDUS
2688,FDX
2689,FE
2690,FEAM
2691,FEDU
2692,FEIM
2693,FELE
2694,FEMY
2695,FEN
2696,FENC
2697,FENG
2698,FEO
2699,FERG
2700,FET
2701,FEXD
2702,FEXDR
2703,FEXDU
2704,FEXDW
2705,FF
2706,FFA
2707,FFBC
2708,FFBW
2709,FFC
2710,FFHL
2711,FFIC
2712,FFIE
2713,FFIEW
2714,FFIN
2715,FFIV
2716,FFNW
2717,FFWM
2718,FGB
2719,FGBI
2720,FGBIP
2721,FGEN
2722,FGF
2723,FGFPP
2724,FGI
2725,FGIWW
2726,FGMC
2727,FGMCU
2728,FGMCW
2729,FHB
2730,FHI
2731,FHLT
2732,FHLTU
2733,FHLTW
2734,FHN
2735,FHS
2736,FHTX
2737,FIAC
2738,FIACU
2739,FIACW
2740,FIBK
2741,FICO
2742,FICV
2743,FICVU
2744,FICVW
2745,FIF
2746,FIGS
2747,FINM
2748,FINMU
2749,FINMW
2750,FINS
2751,FINV
2752,FINW
2753,FIS
2754,FISI
2755,FISV
2756,FITB
2757,FITBI
2758,FITBO
2759,FITBP
2760,FIVE
2761,FIVN
2762,FIX
2763,FIXX
2764,FIZZ
2765,FKWL
2766,FL
2767,FLAC
2768,FLACU
2769,FLACW
2770,FLAG
2771,FLC
2772,FLEX
2773,FLGC
2774,FLGT
2775,FLIC
2776,FLL
2777,FLME
2778,FLMN
2779,FLMNW
2780,FLNC
2781,FLNG
2782,FLNT
2783,FLO
2784,FLR
2785,FLS
2786,FLT
2787,FLUX
2788,FLWS
2789,FLXS
2790,FLYA
2791,FLYW
2792,FMAO
2793,FMBH
2794,FMC
2795,FMIV
2796,FMIVU
2797,FMIVW
2798,FMN
2799,FMNB
2800,FMS
2801,FMTX
2802,FMX
2803,FMY
2804,FN
2805,FNA
2806,FNB
2807,FNCB
2808,FNCH
2809,FND
2810,FNF
2811,FNGR
2812,FNHC
2813,FNKO
2814,FNLC
2815,FNV
2816,FNVT
2817,FNVTU
2818,FNVTW
2819,FNWB
2820,FNWD
2821,FOA
2822,FOCS
2823,FOF
2824,FOLD
2825,FONR
2826,FOR
2827,FORA
2828,FORD
2829,FORG
2830,FORM
2831,FORR
2832,FORTY
2833,FOSL
2834,FOSLL
2835,FOUN
2836,FOUNU
2837,FOUNW
2838,FOUR
2839,FOX
2840,FOXA
2841,FOXF
2842,FOXW
2843,FOXWW
2844,FPAC
2845,FPAY
2846,FPF
2847,FPH
2848,FPI
2849,FPL
2850,FR
2851,FRA
2852,FRAF
2853,FRBA
2854,FRBK
2855,FRBNU
2856,FRC
2857,FRD
2858,FREE
2859,FREEW
2860,FREQ
2861,FREY
2862,FRG
2863,FRGAP
2864,FRGE
2865,FRGI
2866,FRHC
2867,FRLA
2868,FRLAU
2869,FRLAW
2870,FRLN
2871,FRME
2872,FRMEP
2873,FRO
2874,FROG
2875,FRON
2876,FRONU
2877,FRONW
2878,FRPH
2879,FRPT
2880,FRSG
2881,FRSGW
2882,FRSH
2883,FRST
2884,FRSX
2885,FRT
2886,FRW
2887,FRWAW
2888,FRXB
2889,FSBC
2890,FSBW
2891,FSD
2892,FSEA
2893,FSFG
2894,FSI
2895,FSK
2896,FSLR
2897,FSLY
2898,FSM
2899,FSNB
2900,FSP
2901,FSR
2902,FSRD
2903,FSRDW
2904,FSRX
2905,FSRXU
2906,FSRXW
2907,FSS
2908,FSSI
2909,FSSIU
2910,FSSIW
2911,FST
2912,FSTR
2913,FSTX
2914,FSV
2915,FT
2916,FTAA
2917,FTAAU
2918,FTAAW
2919,FTAI
2920,FTAIN
2921,FTAIO
2922,FTAIP
2923,FTCH
2924,FTCI
2925,FTCV
2926,FTCVU
2927,FTCVW
2928,FTDR
2929,FTEK
2930,FTEV
2931,FTF
2932,FTFT
2933,FTHM
2934,FTHY
2935,FTI
2936,FTIIU
2937,FTIIW
2938,FTK
2939,FTNT
2940,FTPA
2941,FTPAU
2942,FTPAW
2943,FTRP
2944,FTS
2945,FTV
2946,FTVI
2947,FTVIU
2948,FTVIW
2949,FUBO
2950,FUL
2951,FULC
2952,FULT
2953,FULTP
2954,FUN
2955,FUNC
2956,FUND
2957,FURY
2958,FUSB
2959,FUSN
2960,FUTU
2961,FUV
2962,FVAM
2963,FVCB
2964,FVIV
2965,FVRR
2966,FVT
2967,FWAC
2968,FWBI
2969,FWONA
2970,FWONK
2971,FWP
2972,FWRD
2973,FWRG
2974,FXCO
2975,FXCOW
2976,FXLV
2977,FXNC
2978,FYBR
2979,FZT
2980,G
2981,GAB
2982,GABC
2983,GACQ
2984,GACQU
2985,GACQW
2986,GAIA
2987,GAIN
2988,GAINN
2989,GAINZ
2990,GALT
2991,GAM
2992,GAMB
2993,GAMC
2994,GAMCU
2995,GAMCW
2996,GAME
2997,GAN
2998,GANX
2999,GAPA
3000,GAQ
3001,GASS
3002,GATE
3003,GATEU
3004,GATEW
3005,GATO
3006,GATX
3007,GAU
3008,GB
3009,GBAB
3010,GBBKU
3011,GBCI
3012,GBDC
3013,GBIO
3014,GBL
3015,GBLI
3016,GBNH
3017,GBNY
3018,GBOX
3019,GBR
3020,GBRG
3021,GBRGR
3022,GBRGW
3023,GBS
3024,GBT
3025,GBX
3026,GCBC
3027,GCI
3028,GCMG
3029,GCMGW
3030,GCO
3031,GCP
3032,GCTK
3033,GCV
3034,GD
3035,GDDY
3036,GDEN
3037,GDL
3038,GDNR
3039,GDNRU
3040,GDNRW
3041,GDO
3042,GDOT
3043,GDRX
3044,GDS
3045,GDST
3046,GDSTR
3047,GDSTU
3048,GDSTW
3049,GDV
3050,GDYN
3051,GE
3052,GECC
3053,GECCM
3054,GECCN
3055,GECCO
3056,GEEX
3057,GEEXU
3058,GEEXW
3059,GEF
3060,GEG
3061,GEL
3062,GENC
3063,GENE
3064,GENI
3065,GENQ
3066,GENQU
3067,GENQW
3068,GEO
3069,GEOS
3070,GER
3071,GERN
3072,GES
3073,GET
3074,GEVO
3075,GF
3076,GFAI
3077,GFAIW
3078,GFF
3079,GFGD
3080,GFGDR
3081,GFGDW
3082,GFI
3083,GFL
3084,GFLU
3085,GFS
3086,GFX
3087,GGAA
3088,GGAAU
3089,GGAAW
3090,GGAL
3091,GGB
3092,GGE
3093,GGG
3094,GGGV
3095,GGGVR
3096,GGMC
3097,GGMCU
3098,GGMCW
3099,GGN
3100,GGPI
3101,GGPIU
3102,GGPIW
3103,GGR
3104,GGROW
3105,GGT
3106,GGZ
3107,GH
3108,GHAC
3109,GHACU
3110,GHACW
3111,GHC
3112,GHG
3113,GHIX
3114,GHIXU
3115,GHIXW
3116,GHL
3117,GHLD
3118,GHM
3119,GHRS
3120,GHSI
3121,GHY
3122,GIA
3123,GIAC
3124,GIACU
3125,GIB
3126,GIC
3127,GIFI
3128,GIGM
3129,GIII
3130,GIIX
3131,GIIXU
3132,GIIXW
3133,GIL
3134,GILD
3135,GILT
3136,GIM
3137,GIPR
3138,GIPRW
3139,GIS
3140,GIW
3141,GIWWW
3142,GJO
3143,GJR
3144,GJS
3145,GJT
3146,GKOS
3147,GL
3148,GLAD
3149,GLAQ
3150,GLAQU
3151,GLAQW
3152,GLBE
3153,GLBL
3154,GLBLU
3155,GLBLW
3156,GLBS
3157,GLBZ
3158,GLDD
3159,GLDG
3160,GLEE
3161,GLEEU
3162,GLEEW
3163,GLG
3164,GLHA
3165,GLHAU
3166,GLHAW
3167,GLLI
3168,GLLIR
3169,GLLIU
3170,GLLIW
3171,GLMD
3172,GLNG
3173,GLO
3174,GLOB
3175,GLOP
3176,GLP
3177,GLPG
3178,GLPI
3179,GLQ
3180,GLRE
3181,GLS
3182,GLSI
3183,GLSPT
3184,GLSPU
3185,GLSPW
3186,GLT
3187,GLTO
3188,GLU
3189,GLUE
3190,GLV
3191,GLW
3192,GLYC
3193,GM
3194,GMAB
3195,GMBL
3196,GMBLP
3197,GMBLW
3198,GMBLZ
3199,GMDA
3200,GME
3201,GMED
3202,GMFI
3203,GMFIU
3204,GMFIW
3205,GMGI
3206,GMRE
3207,GMS
3208,GMTX
3209,GMVD
3210,GMVDW
3211,GNAC
3212,GNACU
3213,GNACW
3214,GNCA
3215,GNE
3216,GNFT
3217,GNK
3218,GNL
3219,GNLN
3220,GNPX
3221,GNRC
3222,GNS
3223,GNSS
3224,GNT
3225,GNTA
3226,GNTX
3227,GNTY
3228,GNUS
3229,GNW
3230,GO
3231,GOAC
3232,GOBI
3233,GOCO
3234,GOED
3235,GOEV
3236,GOEVW
3237,GOF
3238,GOGL
3239,GOGN
3240,GOGO
3241,GOL
3242,GOLD
3243,GOLF
3244,GOOD
3245,GOODN
3246,GOODO
3247,GOOG
3248,GOOGL
3249,GOOS
3250,GORO
3251,GOSS
3252,GOTU
3253,GOVX
3254,GOVXW
3255,GP
3256,GPAC
3257,GPACU
3258,GPACW
3259,GPC
3260,GPCO
3261,GPCOR
3262,GPI
3263,GPJA
3264,GPK
3265,GPL
3266,GPMT
3267,GPN
3268,GPOR
3269,GPP
3270,GPRE
3271,GPRK
3272,GPRO
3273,GPS
3274,GRAB
3275,GRABW
3276,GRAY
3277,GRBK
3278,GRC
3279,GRCL
3280,GRCY
3281,GRCYW
3282,GREE
3283,GREEL
3284,GRF
3285,GRFS
3286,GRIL
3287,GRIN
3288,GRMN
3289,GRNA
3290,GRNAW
3291,GRNQ
3292,GROM
3293,GROMW
3294,GROW
3295,GROY
3296,GRPH
3297,GRPN
3298,GRTS
3299,GRTX
3300,GRVI
3301,GRVY
3302,GRWG
3303,GRX
3304,GS
3305,GSAQ
3306,GSAQU
3307,GSAQW
3308,GSAT
3309,GSBC
3310,GSBD
3311,GSEV
3312,GSEVU
3313,GSEVW
3314,GSHD
3315,GSIT
3316,GSK
3317,GSL
3318,GSLD
3319,GSM
3320,GSMG
3321,GSMGW
3322,GSQD
3323,GSRM
3324,GSRMR
3325,GSRMW
3326,GSV
3327,GT
3328,GTAC
3329,GTBP
3330,GTE
3331,GTEC
3332,GTES
3333,GTH
3334,GTHX
3335,GTIM
3336,GTLB
3337,GTLS
3338,GTN
3339,GTPA
3340,GTPAU
3341,GTPAW
3342,GTPB
3343,GTPBU
3344,GTPBW
3345,GTX
3346,GTXAP
3347,GTY
3348,GTYH
3349,GUG
3350,GURE
3351,GUT
3352,GVA
3353,GVCI
3354,GVCIU
3355,GVCIW
3356,GVP
3357,GWH
3358,GWII
3359,GWIIW
3360,GWRE
3361,GWRS
3362,GWW
3363,GXII
3364,GXIIU
3365,GXIIW
3366,GXO
3367,GYRO
3368,H
3369,HA
3370,HAAC
3371,HAACU
3372,HAACW
3373,HAE
3374,HAFC
3375,HAIA
3376,HAIAU
3377,HAIAW
3378,HAIN
3379,HAL
3380,HALL
3381,HALO
3382,HAPP
3383,HARP
3384,HAS
3385,HASI
3386,HAYN
3387,HAYW
3388,HBAN
3389,HBANM
3390,HBANP
3391,HBB
3392,HBCP
3393,HBI
3394,HBIO
3395,HBM
3396,HBNC
3397,HBT
3398,HCA
3399,HCAR
3400,HCARU
3401,HCARW
3402,HCAT
3403,HCC
3404,HCCI
3405,HCDI
3406,HCDIP
3407,HCDIW
3408,HCDIZ
3409,HCI
3410,HCIC
3411,HCICU
3412,HCICW
3413,HCII
3414,HCIIU
3415,HCIIW
3416,HCKT
3417,HCM
3418,HCMA
3419,HCMAU
3420,HCNE
3421,HCNEU
3422,HCNEW
3423,HCP
3424,HCSG
3425,HCTI
3426,HCVI
3427,HCVIU
3428,HCVIW
3429,HCWB
3430,HCXY
3431,HD
3432,HDB
3433,HDSN
3434,HE
3435,HEAR
3436,HEES
3437,HEI
3438,HELE
3439,HEP
3440,HEPA
3441,HEPS
3442,HEQ
3443,HERA
3444,HERAU
3445,HERAW
3446,HES
3447,HESM
3448,HEXO
3449,HFBL
3450,HFFG
3451,HFRO
3452,HFWA
3453,HGBL
3454,HGEN
3455,HGLB
3456,HGTY
3457,HGV
3458,HHC
3459,HHGC
3460,HHGCR
3461,HHGCW
3462,HHLA
3463,HHS
3464,HI
3465,HIBB
3466,HIE
3467,HIFS
3468,HIG
3469,HIGA
3470,HIHO
3471,HII
3472,HIII
3473,HIIIU
3474,HIIIW
3475,HIL
3476,HILS
3477,HIMS
3478,HIMX
3479,HIO
3480,HIPO
3481,HITI
3482,HIVE
3483,HIW
3484,HIX
3485,HL
3486,HLAH
3487,HLAHU
3488,HLAHW
3489,HLBZ
3490,HLBZW
3491,HLF
3492,HLG
3493,HLGN
3494,HLI
3495,HLIO
3496,HLIT
3497,HLLY
3498,HLMN
3499,HLNE
3500,HLT
3501,HLTH
3502,HLVX
3503,HLX
3504,HMC
3505,HMCO
3506,HMCOU
3507,HMCOW
3508,HMLP
3509,HMN
3510,HMNF
3511,HMPT
3512,HMST
3513,HMTV
3514,HMY
3515,HNGR
3516,HNI
3517,HNNA
3518,HNNAZ
3519,HNP
3520,HNRA
3521,HNRG
3522,HNST
3523,HNVR
3524,HNW
3525,HOFT
3526,HOFV
3527,HOFVW
3528,HOG
3529,HOLI
3530,HOLX
3531,HOMB
3532,HON
3533,HONE
3534,HOOD
3535,HOOK
3536,HOPE
3537,HORI
3538,HORIU
3539,HORIW
3540,HOTH
3541,HOUR
3542,HOV
3543,HOVNP
3544,HOWL
3545,HP
3546,HPE
3547,HPF
3548,HPI
3549,HPK
3550,HPKEW
3551,HPLTW
3552,HPP
3553,HPQ
3554,HPS
3555,HPX
3556,HQH
3557,HQI
3558,HQL
3559,HQY
3560,HR
3561,HRB
3562,HRI
3563,HRL
3564,HRMY
3565,HROW
3566,HROWL
3567,HRT
3568,HRTG
3569,HRTX
3570,HRZN
3571,HSAQ
3572,HSBC
3573,HSC
3574,HSDT
3575,HSIC
3576,HSII
3577,HSKA
3578,HSON
3579,HST
3580,HSTM
3581,HSTO
3582,HSY
3583,HT
3584,HTA
3585,HTAQ
3586,HTBI
3587,HTBK
3588,HTCR
3589,HTD
3590,HTFB
3591,HTGC
3592,HTGM
3593,HTH
3594,HTHT
3595,HTIA
3596,HTIBP
3597,HTLD
3598,HTLF
3599,HTLFP
3600,HTOO
3601,HTOOW
3602,HTPA
3603,HTY
3604,HTZ
3605,HTZWW
3606,HUBB
3607,HUBG
3608,HUBS
3609,HUDI
3610,HUGE
3611,HUGS
3612,HUIZ
3613,HUM
3614,HUMA
3615,HUMAW
3616,HUN
3617,HURC
3618,HURN
3619,HUSA
3620,HUSN
3621,HUT
3622,HUYA
3623,HVBC
3624,HVT
3625,HWBK
3626,HWC
3627,HWCPZ
3628,HWELW
3629,HWKN
3630,HWKZ
3631,HWM
3632,HXL
3633,HY
3634,HYAC
3635,HYACU
3636,HYACW
3637,HYB
3638,HYFM
3639,HYI
3640,HYLN
3641,HYMC
3642,HYMCL
3643,HYMCW
3644,HYMCZ
3645,HYPR
3646,HYRE
3647,HYT
3648,HYW
3649,HYZN
3650,HYZNW
3651,HZN
3652,HZNP
3653,HZO
3654,HZON
3655,IAA
3656,IAC
3657,IACC
3658,IAE
3659,IAF
3660,IAG
3661,IART
3662,IAS
3663,IBA
3664,IBCP
3665,IBER
3666,IBEX
3667,IBIO
3668,IBKR
3669,IBM
3670,IBN
3671,IBOC
3672,IBP
3673,IBRX
3674,IBTX
3675,ICAD
3676,ICCC
3677,ICCH
3678,ICCM
3679,ICD
3680,ICE
3681,ICFI
3682,ICHR
3683,ICL
3684,ICLK
3685,ICLR
3686,ICMB
3687,ICPT
3688,ICUI
3689,ICVX
3690,ID
3691,IDA
3692,IDAI
3693,IDBA
3694,IDCC
3695,IDE
3696,IDEX
3697,IDN
3698,IDR
3699,IDRA
3700,IDT
3701,IDW
3702,IDXX
3703,IDYA
3704,IEA
3705,IEAWW
3706,IEP
3707,IESC
3708,IEX
3709,IFBD
3710,IFF
3711,IFIN
3712,IFN
3713,IFRX
3714,IFS
3715,IGA
3716,IGAC
3717,IGACU
3718,IGACW
3719,IGC
3720,IGD
3721,IGI
3722,IGIC
3723,IGMS
3724,IGNY
3725,IGNYU
3726,IGNYW
3727,IGR
3728,IGT
3729,IGTA
3730,IGTAR
3731,IGTAU
3732,IGTAW
3733,IH
3734,IHD
3735,IHG
3736,IHIT
3737,IHRT
3738,IHS
3739,IHT
3740,IHTA
3741,IIF
3742,III
3743,IIII
3744,IIIIU
3745,IIIIW
3746,IIIN
3747,IIIV
3748,IIM
3749,IIN
3750,IINN
3751,IINNW
3752,IIPR
3753,IIVI
3754,IIVIP
3755,IKNA
3756,IKT
3757,ILMN
3758,ILPT
3759,IMAB
3760,IMAC
3761,IMACW
3762,IMAQ
3763,IMAQR
3764,IMAQU
3765,IMAQW
3766,IMAX
3767,IMBI
3768,IMBIL
3769,IMCC
3770,IMCR
3771,IMGN
3772,IMGO
3773,IMH
3774,IMKTA
3775,IMMP
3776,IMMR
3777,IMMX
3778,IMNM
3779,IMO
3780,IMOS
3781,IMPL
3782,IMPP
3783,IMPPP
3784,IMPX
3785,IMRA
3786,IMRN
3787,IMRNW
3788,IMRX
3789,IMTE
3790,IMTX
3791,IMTXW
3792,IMUX
3793,IMV
3794,IMVT
3795,IMXI
3796,INAB
3797,INAQ
3798,INBK
3799,INBKZ
3800,INBX
3801,INCR
3802,INCY
3803,INDB
3804,INDI
3805,INDIW
3806,INDO
3807,INDP
3808,INDT
3809,INFA
3810,INFI
3811,INFN
3812,INFU
3813,INFY
3814,ING
3815,INGN
3816,INGR
3817,INKA
3818,INKAU
3819,INKAW
3820,INKT
3821,INM
3822,INMB
3823,INMD
3824,INN
3825,INNV
3826,INO
3827,INOD
3828,INPX
3829,INSE
3830,INSG
3831,INSI
3832,INSM
3833,INSP
3834,INST
3835,INSW
3836,INT
3837,INTA
3838,INTC
3839,INTE
3840,INTEW
3841,INTG
3842,INTT
3843,INTU
3844,INTZ
3845,INUV
3846,INVA
3847,INVE
3848,INVH
3849,INVO
3850,INVZ
3851,INVZW
3852,INZY
3853,IO
3854,IOAC
3855,IOACU
3856,IOACW
3857,IOBT
3858,IONM
3859,IONQ
3860,IONS
3861,IOR
3862,IOSP
3863,IOT
3864,IOVA
3865,IP
3866,IPA
3867,IPAR
3868,IPAX
3869,IPAXU
3870,IPAXW
3871,IPDN
3872,IPG
3873,IPGP
3874,IPHA
3875,IPI
3876,IPOD
3877,IPOF
3878,IPSC
3879,IPVA
3880,IPVF
3881,IPVI
3882,IPVIU
3883,IPVIW
3884,IPW
3885,IPWR
3886,IQ
3887,IQI
3888,IQMD
3889,IQMDU
3890,IQMDW
3891,IQV
3892,IR
3893,IRBT
3894,IRCP
3895,IRDM
3896,IREN
3897,IRIX
3898,IRL
3899,IRM
3900,IRMD
3901,IRNT
3902,IROQ
3903,IRRX
3904,IRS
3905,IRT
3906,IRTC
3907,IRWD
3908,IS
3909,ISAA
3910,ISD
3911,ISDR
3912,ISEE
3913,ISIG
3914,ISLE
3915,ISLEW
3916,ISO
3917,ISPC
3918,ISPO
3919,ISPOW
3920,ISR
3921,ISRG
3922,ISSC
3923,ISTR
3924,ISUN
3925,IT
3926,ITAQ
3927,ITAQU
3928,ITCB
3929,ITCI
3930,ITGR
3931,ITHX
3932,ITHXU
3933,ITHXW
3934,ITI
3935,ITIC
3936,ITOS
3937,ITP
3938,ITQ
3939,ITQRU
3940,ITQRW
3941,ITRG
3942,ITRI
3943,ITRM
3944,ITRN
3945,ITT
3946,ITUB
3947,ITW
3948,IVA
3949,IVAC
3950,IVC
3951,IVCAU
3952,IVCB
3953,IVCBU
3954,IVCBW
3955,IVCP
3956,IVCPU
3957,IVDA
3958,IVDAW
3959,IVH
3960,IVR
3961,IVT
3962,IVZ
3963,IX
3964,IXHL
3965,IZEA
3966,J
3967,JACK
3968,JAGX
3969,JAKK
3970,JAMF
3971,JAN
3972,JANX
3973,JAQC
3974,JAQCU
3975,JAQCW
3976,JATT
3977,JAZZ
3978,JBGS
3979,JBHT
3980,JBI
3981,JBK
3982,JBL
3983,JBLU
3984,JBSS
3985,JBT
3986,JCE
3987,JCI
3988,JCIC
3989,JCICU
3990,JCICW
3991,JCO
3992,JCSE
3993,JCTCF
3994,JD
3995,JEF
3996,JELD
3997,JEMD
3998,JEQ
3999,JFIN
4000,JFR
4001,JFU
4002,JG
4003,JGGC
4004,JGGCR
4005,JGGCU
4006,JGH
4007,JHAA
4008,JHG
4009,JHI
4010,JHS
4011,JHX
4012,JILL
4013,JJSF
4014,JKHY
4015,JKS
4016,JLL
4017,JLS
4018,JMAC
4019,JMACU
4020,JMACW
4021,JMIA
4022,JMM
4023,JMSB
4024,JNCE
4025,JNJ
4026,JNPR
4027,JOAN
4028,JOB
4029,JOBY
4030,JOE
4031,JOF
4032,JOFF
4033,JOFFU
4034,JOFFW
4035,JOUT
4036,JP
4037,JPC
4038,JPI
4039,JPM
4040,JPS
4041,JPT
4042,JQC
4043,JRI
4044,JRO
4045,JRS
4046,JRSH
4047,JRVR
4048,JSD
4049,JSM
4050,JSPR
4051,JSPRW
4052,JT
4053,JUGG
4054,JUGGU
4055,JUGGW
4056,JUN
4057,JUPW
4058,JUPWW
4059,JVA
4060,JWACR
4061,JWEL
4062,JWN
4063,JWSM
4064,JXN
4065,JYAC
4066,JYNT
4067,JZXN
4068,K
4069,KACL
4070,KACLR
4071,KACLW
4072,KAHC
4073,KAI
4074,KAII
4075,KAIIU
4076,KAIIW
4077,KAIR
4078,KAIRU
4079,KAIRW
4080,KALA
4081,KALU
4082,KALV
4083,KAMN
4084,KAR
4085,KARO
4086,KAVL
4087,KB
4088,KBAL
4089,KBH
4090,KBNT
4091,KBNTW
4092,KBR
4093,KC
4094,KCGI
4095,KD
4096,KDNY
4097,KDP
4098,KE
4099,KELYA
4100,KELYB
4101,KEN
4102,KEP
4103,KEQU
4104,KERN
4105,KERNW
4106,KEX
4107,KEY
4108,KEYS
4109,KF
4110,KFFB
4111,KFRC
4112,KFS
4113,KFY
4114,KGC
4115,KHC
4116,KIDS
4117,KIII
4118,KIIIU
4119,KIIIW
4120,KIM
4121,KIND
4122,KINS
4123,KINZ
4124,KINZU
4125,KINZW
4126,KIO
4127,KIQ
4128,KIRK
4129,KKR
4130,KKRS
4131,KLAC
4132,KLAQ
4133,KLAQU
4134,KLAQW
4135,KLIC
4136,KLR
4137,KLTR
4138,KLXE
4139,KMB
4140,KMDA
4141,KMF
4142,KMI
4143,KMPB
4144,KMPH
4145,KMPR
4146,KMT
4147,KMX
4148,KN
4149,KNBE
4150,KNDI
4151,KNOP
4152,KNSA
4153,KNSL
4154,KNSW
4155,KNTE
4156,KNTK
4157,KNX
4158,KO
4159,KOD
4160,KODK
4161,KOF
4162,KOP
4163,KOPN
4164,KORE
4165,KOS
4166,KOSS
4167,KPLT
4168,KPLTW
4169,KPRX
4170,KPTI
4171,KR
4172,KRBP
4173,KRC
4174,KREF
4175,KRG
4176,KRKR
4177,KRMD
4178,KRNL
4179,KRNLU
4180,KRNLW
4181,KRNT
4182,KRNY
4183,KRO
4184,KRON
4185,KROS
4186,KRP
4187,KRT
4188,KRTX
4189,KRUS
4190,KRYS
4191,KSCP
4192,KSI
4193,KSICU
4194,KSICW
4195,KSM
4196,KSPN
4197,KSS
4198,KT
4199,KTB
4200,KTCC
4201,KTF
4202,KTH
4203,KTN
4204,KTOS
4205,KTRA
4206,KTTA
4207,KTTAW
4208,KUKE
4209,KULR
4210,KURA
4211,KVHI
4212,KVSA
4213,KVSC
4214,KW
4215,KWAC
4216,KWR
4217,KXIN
4218,KYCH
4219,KYCHR
4220,KYCHW
4221,KYMR
4222,KYN
4223,KZIA
4224,KZR
4225,L
4226,LAAA
4227,LAAAU
4228,LAAAW
4229,LAB
4230,LABP
4231,LAC
4232,LAD
4233,LADR
4234,LAKE
4235,LAMR
4236,LANC
4237,LAND
4238,LANDM
4239,LANDO
4240,LARK
4241,LASR
4242,LATG
4243,LATGW
4244,LAUR
4245,LAW
4246,LAX
4247,LAXXR
4248,LAXXU
4249,LAXXW
4250,LAZ
4251,LAZR
4252,LAZY
4253,LBAI
4254,LBBB
4255,LBBBR
4256,LBBBU
4257,LBBBW
4258,LBC
4259,LBPH
4260,LBPS
4261,LBPSW
4262,LBRDA
4263,LBRDK
4264,LBRDP
4265,LBRT
4266,LBTYA
4267,LBTYB
4268,LBTYK
4269,LC
4270,LCA
4271,LCAA
4272,LCAAU
4273,LCAAW
4274,LCAHU
4275,LCAHW
4276,LCAP
4277,LCAPU
4278,LCAPW
4279,LCFY
4280,LCFYW
4281,LCI
4282,LCID
4283,LCII
4284,LCNB
4285,LCTX
4286,LCUT
4287,LDHA
4288,LDHAU
4289,LDHAW
4290,LDI
4291,LDOS
4292,LDP
4293,LE
4294,LEA
4295,LEAP
4296,LECO
4297,LEDS
4298,LEE
4299,LEG
4300,LEGA
4301,LEGAU
4302,LEGAW
4303,LEGH
4304,LEGN
4305,LEJU
4306,LEN
4307,LEO
4308,LESL
4309,LEU
4310,LEV
4311,LEVI
4312,LEXX
4313,LEXXW
4314,LFACU
4315,LFACW
4316,LFC
4317,LFG
4318,LFLY
4319,LFLYW
4320,LFMD
4321,LFMDP
4322,LFST
4323,LFT
4324,LFTR
4325,LFTRU
4326,LFTRW
4327,LFUS
4328,LFVN
4329,LGAC
4330,LGACU
4331,LGACW
4332,LGHL
4333,LGHLW
4334,LGI
4335,LGIH
4336,LGL
4337,LGMK
4338,LGND
4339,LGO
4340,LGST
4341,LGSTU
4342,LGSTW
4343,LGTO
4344,LGTOU
4345,LGTOW
4346,LGV
4347,LGVCU
4348,LGVCW
4349,LGVN
4350,LH
4351,LHAA
4352,LHC
4353,LHCG
4354,LHDX
4355,LHX
4356,LI
4357,LIAN
4358,LIBY
4359,LIBYU
4360,LIBYW
4361,LICY
4362,LIDR
4363,LIDRW
4364,LIFE
4365,LII
4366,LILA
4367,LILAK
4368,LILM
4369,LILMW
4370,LIN
4371,LINC
4372,LIND
4373,LINK
4374,LION
4375,LIONU
4376,LIONW
4377,LIQT
4378,LITB
4379,LITE
4380,LITM
4381,LITT
4382,LITTU
4383,LITTW
4384,LIVBU
4385,LIVBW
4386,LIVE
4387,LIVN
4388,LIXT
4389,LIXTW
4390,LIZI
4391,LJAQ
4392,LJAQW
4393,LJPC
4394,LKCO
4395,LKFN
4396,LKQ
4397,LL
4398,LLAP
4399,LLL
4400,LLNW
4401,LLY
4402,LMACA
4403,LMACU
4404,LMACW
4405,LMAO
4406,LMAOU
4407,LMAOW
4408,LMAT
4409,LMB
4410,LMDX
4411,LMDXW
4412,LMFA
4413,LMND
4414,LMNL
4415,LMNR
4416,LMPX
4417,LMST
4418,LMT
4419,LNC
4420,LND
4421,LNDC
4422,LNFA
4423,LNG
4424,LNN
4425,LNSR
4426,LNT
4427,LNTH
4428,LNW
4429,LOAN
4430,LOB
4431,LOCC
4432,LOCL
4433,LOCO
4434,LODE
4435,LOGC
4436,LOGI
4437,LOKM
4438,LOMA
4439,LOOP
4440,LOPE
4441,LOTZ
4442,LOTZW
4443,LOV
4444,LOVE
4445,LOW
4446,LPCN
4447,LPG
4448,LPI
4449,LPL
4450,LPLA
4451,LPRO
4452,LPSN
4453,LPTH
4454,LPTX
4455,LPX
4456,LQDA
4457,LQDT
4458,LRCX
4459,LRFC
4460,LRMR
4461,LRN
4462,LSBK
4463,LSCC
4464,LSEA
4465,LSEAW
4466,LSF
4467,LSI
4468,LSPD
4469,LSPR
4470,LSPRU
4471,LSPRW
4472,LSTR
4473,LSXMA
4474,LSXMB
4475,LSXMK
4476,LTBR
4477,LTC
4478,LTCH
4479,LTCHW
4480,LTH
4481,LTHM
4482,LTRN
4483,LTRPA
4484,LTRPB
4485,LTRX
4486,LTRY
4487,LTRYW
4488,LU
4489,LUB
4490,LUCD
4491,LULU
4492,LUMN
4493,LUMO
4494,LUNA
4495,LUNG
4496,LUV
4497,LUXA
4498,LUXAU
4499,LUXAW
4500,LVACU
4501,LVACW
4502,LVLU
4503,LVO
4504,LVOX
4505,LVOXU
4506,LVOXW
4507,LVRA
4508,LVRAU
4509,LVRAW
4510,LVS
4511,LVTX
4512,LW
4513,LWAY
4514,LWLG
4515,LX
4516,LXEH
4517,LXFR
4518,LXP
4519,LXRX
4520,LXU
4521,LYB
4522,LYEL
4523,LYFT
4524,LYG
4525,LYL
4526,LYLT
4527,LYRA
4528,LYTS
4529,LYV
4530,LZ
4531,LZB
4532,M
4533,MA
4534,MAA
4535,MAAQ
4536,MAAQR
4537,MAAQU
4538,MAAQW
4539,MAC
4540,MACA
4541,MACAU
4542,MACAW
4543,MACC
4544,MACK
4545,MAG
4546,MAIN
4547,MAN
4548,MANH
4549,MANT
4550,MANU
4551,MAPS
4552,MAPSW
4553,MAQC
4554,MAQCU
4555,MAQCW
4556,MAR
4557,MARA
4558,MARK
4559,MARPS
4560,MAS
4561,MASI
4562,MASS
4563,MAT
4564,MATW
4565,MATX
4566,MAV
4567,MAX
4568,MAXN
4569,MAXR
4570,MAYS
4571,MBAC
4572,MBCN
4573,MBI
4574,MBII
4575,MBIN
4576,MBINN
4577,MBINO
4578,MBINP
4579,MBIO
4580,MBNKP
4581,MBOT
4582,MBRX
4583,MBSC
4584,MBT
4585,MBTC
4586,MBTCR
4587,MBTCU
4588,MBUU
4589,MBWM
4590,MC
4591,MCAA
4592,MCAAU
4593,MCAAW
4594,MCACU
4595,MCAE
4596,MCAER
4597,MCAF
4598,MCAFR
4599,MCAFU
4600,MCAG
4601,MCB
4602,MCBC
4603,MCBS
4604,MCD
4605,MCFT
4606,MCG
4607,MCHP
4608,MCHX
4609,MCI
4610,MCK
4611,MCLD
4612,MCLDW
4613,MCN
4614,MCO
4615,MCR
4616,MCRB
4617,MCRI
4618,MCS
4619,MCW
4620,MCY
4621,MD
4622,MDB
4623,MDC
4624,MDGL
4625,MDGS
4626,MDGSW
4627,MDH
4628,MDIA
4629,MDJH
4630,MDLZ
4631,MDNA
4632,MDRR
4633,MDRRP
4634,MDRX
4635,MDT
4636,MDU
4637,MDV
4638,MDVL
4639,MDWD
4640,MDWT
4641,MDXG
4642,MDXH
4643,ME
4644,MEAC
4645,MEACW
4646,MEC
4647,MED
4648,MEDP
4649,MEDS
4650,MEG
4651,MEGI
4652,MEI
4653,MEIP
4654,MEKA
4655,MELI
4656,MEOA
4657,MEOAU
4658,MEOAW
4659,MEOH
4660,MERC
4661,MESA
4662,MESO
4663,MET
4664,METC
4665,METCL
4666,METX
4667,METXW
4668,MF
4669,MFA
4670,MFC
4671,MFD
4672,MFG
4673,MFGP
4674,MFH
4675,MFIN
4676,MFM
4677,MFV
4678,MG
4679,MGA
4680,MGEE
4681,MGF
4682,MGI
4683,MGIC
4684,MGLD
4685,MGM
4686,MGNI
4687,MGNX
4688,MGPI
4689,MGR
4690,MGRB
4691,MGRC
4692,MGRD
4693,MGTA
4694,MGTX
4695,MGU
4696,MGY
4697,MGYR
4698,MHD
4699,MHF
4700,MHH
4701,MHI
4702,MHK
4703,MHLA
4704,MHLD
4705,MHN
4706,MHNC
4707,MHO
4708,MHUA
4709,MIC
4710,MICT
4711,MIDD
4712,MIGI
4713,MILE
4714,MILEW
4715,MIME
4716,MIMO
4717,MIN
4718,MIND
4719,MINDP
4720,MINM
4721,MIO
4722,MIR
4723,MIRM
4724,MIRO
4725,MIST
4726,MIT
4727,MITA
4728,MITAU
4729,MITAW
4730,MITC
4731,MITK
4732,MITO
4733,MITQ
4734,MITT
4735,MIXT
4736,MIY
4737,MKC
4738,MKD
4739,MKFG
4740,MKL
4741,MKSI
4742,MKTW
4743,MKTWW
4744,MKTX
4745,ML
4746,MLAB
4747,MLAC
4748,MLACU
4749,MLACW
4750,MLAI
4751,MLAIU
4752,MLAIW
4753,MLCO
4754,MLI
4755,MLKN
4756,MLM
4757,MLNK
4758,MLP
4759,MLR
4760,MLSS
4761,MLTX
4762,MLVF
4763,MMAT
4764,MMC
4765,MMD
4766,MMI
4767,MMLP
4768,MMM
4769,MMMB
4770,MMP
4771,MMS
4772,MMSI
4773,MMT
4774,MMU
4775,MMX
4776,MMYT
4777,MN
4778,MNDO
4779,MNDT
4780,MNDY
4781,MNKD
4782,MNMD
4783,MNOV
4784,MNP
4785,MNPR
4786,MNRL
4787,MNRO
4788,MNSB
4789,MNSBP
4790,MNSO
4791,MNST
4792,MNTK
4793,MNTS
4794,MNTSW
4795,MNTV
4796,MNTX
4797,MO
4798,MOBQ
4799,MOBQW
4800,MOD
4801,MODD
4802,MODN
4803,MODV
4804,MOFG
4805,MOGO
4806,MOGU
4807,MOH
4808,MOHO
4809,MOLN
4810,MOMO
4811,MON
4812,MONCU
4813,MONCW
4814,MOR
4815,MORF
4816,MORN
4817,MOS
4818,MOTS
4819,MOV
4820,MOVE
4821,MOXC
4822,MP
4823,MPA
4824,MPAA
4825,MPAC
4826,MPACR
4827,MPACW
4828,MPB
4829,MPC
4830,MPLN
4831,MPLX
4832,MPRA
4833,MPRAU
4834,MPRAW
4835,MPV
4836,MPW
4837,MPWR
4838,MPX
4839,MQ
4840,MQT
4841,MQY
4842,MRAI
4843,MRAM
4844,MRBK
4845,MRC
4846,MRCC
4847,MRCY
4848,MREO
4849,MRIN
4850,MRK
4851,MRKR
4852,MRM
4853,MRNA
4854,MRNS
4855,MRO
4856,MRSN
4857,MRTN
4858,MRTX
4859,MRUS
4860,MRVI
4861,MRVL
4862,MS
4863,MSA
4864,MSAC
4865,MSACW
4866,MSB
4867,MSBI
4868,MSC
4869,MSCI
4870,MSD
4871,MSDA
4872,MSDAU
4873,MSDAW
4874,MSEX
4875,MSFT
4876,MSGE
4877,MSGM
4878,MSGS
4879,MSI
4880,MSM
4881,MSN
4882,MSP
4883,MSSAU
4884,MSTR
4885,MSVB
4886,MT
4887,MTA
4888,MTAC
4889,MTACU
4890,MTACW
4891,MTAL
4892,MTB
4893,MTBC
4894,MTBCO
4895,MTBCP
4896,MTC
4897,MTCH
4898,MTCN
4899,MTCR
4900,MTD
4901,MTDR
4902,MTEK
4903,MTEKW
4904,MTEM
4905,MTEX
4906,MTG
4907,MTH
4908,MTLS
4909,MTMT
4910,MTN
4911,MTNB
4912,MTOR
4913,MTP
4914,MTR
4915,MTRN
4916,MTRX
4917,MTRY
4918,MTRYU
4919,MTRYW
4920,MTSI
4921,MTTR
4922,MTVC
4923,MTW
4924,MTX
4925,MTZ
4926,MU
4927,MUA
4928,MUC
4929,MUDS
4930,MUDSW
4931,MUE
4932,MUFG
4933,MUI
4934,MUJ
4935,MULN
4936,MUR
4937,MURF
4938,MURFW
4939,MUSA
4940,MUX
4941,MVBF
4942,MVF
4943,MVIS
4944,MVO
4945,MVST
4946,MVSTW
4947,MVT
4948,MWA
4949,MX
4950,MXC
4951,MXCT
4952,MXE
4953,MXF
4954,MXL
4955,MYD
4956,MYE
4957,MYFW
4958,MYGN
4959,MYI
4960,MYMD
4961,MYN
4962,MYNA
4963,MYNZ
4964,MYO
4965,MYOV
4966,MYPS
4967,MYPSW
4968,MYRG
4969,MYSZ
4970,MYTE
4971,NAAC
4972,NAACU
4973,NAACW
4974,NABL
4975,NAC
4976,NAD
4977,NAII
4978,NAK
4979,NAN
4980,NAOV
4981,NAPA
4982,NARI
4983,NAT
4984,NATH
4985,NATI
4986,NATR
4987,NAUT
4988,NAVB
4989,NAVI
4990,NAZ
4991,NBB
4992,NBEV
4993,NBH
4994,NBHC
4995,NBIX
4996,NBN
4997,NBO
4998,NBR
4999,NBRV
5000,NBSE
5001,NBST
5002,NBSTU
5003,NBSTW
5004,NBTB
5005,NBTX
5006,NBW
5007,NBXG
5008,NBY
5009,NC
5010,NCA
5011,NCAC
5012,NCACU
5013,NCACW
5014,NCBS
5015,NCLH
5016,NCMI
5017,NCNA
5018,NCNO
5019,NCR
5020,NCSM
5021,NCTY
5022,NCV
5023,NCZ
5024,NDAC
5025,NDACU
5026,NDACW
5027,NDAQ
5028,NDLS
5029,NDMO
5030,NDP
5031,NDRA
5032,NDRAW
5033,NDSN
5034,NE
5035,NEA
5036,NECB
5037,NEE
5038,NEGG
5039,NEM
5040,NEN
5041,NEO
5042,NEOG
5043,NEON
5044,NEP
5045,NEPH
5046,NEPT
5047,NERV
5048,NESR
5049,NESRW
5050,NET
5051,NETC
5052,NETI
5053,NEU
5054,NEV
5055,NEWP
5056,NEWR
5057,NEWT
5058,NEWTL
5059,NEWTZ
5060,NEX
5061,NEXA
5062,NEXI
5063,NEXT
5064,NFBK
5065,NFE
5066,NFG
5067,NFGC
5068,NFJ
5069,NFLX
5070,NFNT
5071,NFYS
5072,NG
5073,NGC
5074,NGD
5075,NGG
5076,NGL
5077,NGM
5078,NGMS
5079,NGS
5080,NGVC
5081,NGVT
5082,NH
5083,NHC
5084,NHI
5085,NHIC
5086,NHICU
5087,NHICW
5088,NHS
5089,NHTC
5090,NHWK
5091,NI
5092,NICE
5093,NICK
5094,NID
5095,NIE
5096,NILE
5097,NIM
5098,NIMC
5099,NINE
5100,NIO
5101,NIQ
5102,NISN
5103,NIU
5104,NJR
5105,NKE
5106,NKG
5107,NKLA
5108,NKSH
5109,NKTR
5110,NKTX
5111,NKX
5112,NL
5113,NLIT
5114,NLITW
5115,NLOK
5116,NLS
5117,NLSN
5118,NLSP
5119,NLSPW
5120,NLTX
5121,NLY
5122,NM
5123,NMAI
5124,NMCO
5125,NMFC
5126,NMG
5127,NMI
5128,NMIH
5129,NML
5130,NMM
5131,NMMC
5132,NMMCU
5133,NMMCW
5134,NMR
5135,NMRD
5136,NMRK
5137,NMS
5138,NMT
5139,NMTC
5140,NMTR
5141,NMZ
5142,NN
5143,NNAVW
5144,NNBR
5145,NNDM
5146,NNI
5147,NNN
5148,NNOX
5149,NNVC
5150,NNY
5151,NOA
5152,NOAC
5153,NOACU
5154,NOACW
5155,NOAH
5156,NOC
5157,NODK
5158,NOG
5159,NOK
5160,NOM
5161,NOMD
5162,NOTV
5163,NOV
5164,NOVA
5165,NOVN
5166,NOVT
5167,NOVV
5168,NOVVW
5169,NOW
5170,NP
5171,NPAB
5172,NPABU
5173,NPABW
5174,NPCE
5175,NPCT
5176,NPFD
5177,NPK
5178,NPO
5179,NPTN
5180,NPV
5181,NQP
5182,NR
5183,NRAC
5184,NRACU
5185,NRACW
5186,NRBO
5187,NRC
5188,NRDS
5189,NRDY
5190,NREF
5191,NRG
5192,NRGV
5193,NRGX
5194,NRIM
5195,NRIX
5196,NRK
5197,NRO
5198,NRP
5199,NRSN
5200,NRSNW
5201,NRT
5202,NRUC
5203,NRXP
5204,NRXPW
5205,NRZ
5206,NS
5207,NSA
5208,NSC
5209,NSEC
5210,NSIT
5211,NSL
5212,NSP
5213,NSPR
5214,NSR
5215,NSS
5216,NSSC
5217,NSTB
5218,NSTC
5219,NSTD
5220,NSTG
5221,NSTS
5222,NSYS
5223,NTAP
5224,NTB
5225,NTCO
5226,NTCT
5227,NTES
5228,NTG
5229,NTGR
5230,NTIC
5231,NTIP
5232,NTLA
5233,NTNX
5234,NTP
5235,NTR
5236,NTRA
5237,NTRB
5238,NTRS
5239,NTRSO
5240,NTST
5241,NTUS
5242,NTWK
5243,NTZ
5244,NU
5245,NUBI
5246,NUBIU
5247,NUBIW
5248,NUE
5249,NUO
5250,NURO
5251,NUS
5252,NUTX
5253,NUV
5254,NUVA
5255,NUVB
5256,NUVL
5257,NUW
5258,NUWE
5259,NUZE
5260,NVAC
5261,NVACR
5262,NVACW
5263,NVAX
5264,NVCN
5265,NVCR
5266,NVCT
5267,NVDA
5268,NVEC
5269,NVEE
5270,NVEI
5271,NVFY
5272,NVG
5273,NVGS
5274,NVIV
5275,NVMI
5276,NVNO
5277,NVNOW
5278,NVO
5279,NVOS
5280,NVR
5281,NVRO
5282,NVS
5283,NVSA
5284,NVSAU
5285,NVSAW
5286,NVST
5287,NVT
5288,NVTA
5289,NVTS
5290,NVVE
5291,NVVEW
5292,NVX
5293,NWBI
5294,NWE
5295,NWFL
5296,NWG
5297,NWL
5298,NWLI
5299,NWN
5300,NWPX
5301,NWS
5302,NWSA
5303,NX
5304,NXC
5305,NXDT
5306,NXE
5307,NXGL
5308,NXGLW
5309,NXGN
5310,NXJ
5311,NXN
5312,NXP
5313,NXPI
5314,NXPL
5315,NXPLW
5316,NXRT
5317,NXST
5318,NXTC
5319,NXTP
5320,NYC
5321,NYCB
5322,NYMT
5323,NYMTL
5324,NYMTM
5325,NYMTN
5326,NYMTZ
5327,NYMX
5328,NYT
5329,NYXH
5330,NZF
5331,O
5332,OACB
5333,OAS
5334,OB
5335,OBCI
5336,OBE
5337,OBLG
5338,OBNK
5339,OBSV
5340,OBT
5341,OC
5342,OCA
5343,OCAX
5344,OCAXU
5345,OCAXW
5346,OCC
5347,OCCI
5348,OCCIN
5349,OCCIO
5350,OCDX
5351,OCFC
5352,OCFCP
5353,OCFT
5354,OCG
5355,OCGN
5356,OCN
5357,OCSL
5358,OCUL
5359,OCUP
5360,OCX
5361,ODC
5362,ODFL
5363,ODP
5364,OEC
5365,OEG
5366,OEPW
5367,OEPWU
5368,OEPWW
5369,OESX
5370,OFC
5371,OFED
5372,OFG
5373,OFIX
5374,OFLX
5375,OFS
5376,OFSSH
5377,OG
5378,OGE
5379,OGEN
5380,OGI
5381,OGN
5382,OGS
5383,OHAA
5384,OHAAU
5385,OHAAW
5386,OHI
5387,OHPA
5388,OHPAU
5389,OHPAW
5390,OI
5391,OIA
5392,OII
5393,OIIM
5394,OIS
5395,OKE
5396,OKTA
5397,OLB
5398,OLED
5399,OLIT
5400,OLITU
5401,OLK
5402,OLLI
5403,OLMA
5404,OLN
5405,OLO
5406,OLP
5407,OLPX
5408,OM
5409,OMAB
5410,OMC
5411,OMCL
5412,OMEG
5413,OMER
5414,OMEX
5415,OMF
5416,OMGA
5417,OMI
5418,OMIC
5419,OMQS
5420,ON
5421,ONB
5422,ONBPO
5423,ONBPP
5424,ONCR
5425,ONCS
5426,ONCT
5427,ONCY
5428,ONDS
5429,ONEM
5430,ONEW
5431,ONL
5432,ONON
5433,ONTF
5434,ONTO
5435,ONTX
5436,ONVO
5437,ONYX
5438,ONYXU
5439,ONYXW
5440,OOMA
5441,OP
5442,OPA
5443,OPAD
5444,OPBK
5445,OPCH
5446,OPEN
5447,OPFI
5448,OPGN
5449,OPHC
5450,OPI
5451,OPINL
5452,OPK
5453,OPNT
5454,OPOF
5455,OPP
5456,OPRA
5457,OPRT
5458,OPRX
5459,OPT
5460,OPTN
5461,OPTT
5462,OPY
5463,OR
5464,ORA
5465,ORAN
5466,ORC
5467,ORCC
5468,ORCL
5469,ORGN
5470,ORGNW
5471,ORGO
5472,ORGS
5473,ORI
5474,ORIA
5475,ORIAU
5476,ORIAW
5477,ORIC
5478,ORLA
5479,ORLY
5480,ORMP
5481,ORN
5482,ORRF
5483,ORTX
5484,OSBC
5485,OSCR
5486,OSG
5487,OSH
5488,OSI
5489,OSIS
5490,OSK
5491,OSPN
5492,OSS
5493,OST
5494,OSTK
5495,OSTR
5496,OSTRU
5497,OSTRW
5498,OSUR
5499,OSW
5500,OTEC
5501,OTECW
5502,OTEX
5503,OTIC
5504,OTIS
5505,OTLK
5506,OTLY
5507,OTMO
5508,OTMOW
5509,OTRA
5510,OTRAU
5511,OTRAW
5512,OTRK
5513,OTRKP
5514,OTTR
5515,OUST
5516,OUT
5517,OVBC
5518,OVID
5519,OVLY
5520,OVV
5521,OWL
5522,OWLT
5523,OXAC
5524,OXACU
5525,OXACW
5526,OXBR
5527,OXBRW
5528,OXLC
5529,OXLCL
5530,OXLCM
5531,OXLCO
5532,OXLCP
5533,OXLCZ
5534,OXM
5535,OXSQ
5536,OXSQL
5537,OXSQZ
5538,OXUS
5539,OXUSU
5540,OXUSW
5541,OXY
5542,OYST
5543,OZ
5544,OZK
5545,OZKAP
5546,PAA
5547,PAAS
5548,PAC
5549,PACB
5550,PACI
5551,PACK
5552,PACW
5553,PACX
5554,PACXU
5555,PACXW
5556,PAFO
5557,PAFOR
5558,PAG
5559,PAGP
5560,PAGS
5561,PAHC
5562,PAI
5563,PALI
5564,PALT
5565,PAM
5566,PANA
5567,PANL
5568,PANW
5569,PAQC
5570,PAQCU
5571,PAQCW
5572,PAR
5573,PARA
5574,PARAA
5575,PARAP
5576,PARR
5577,PASG
5578,PATH
5579,PATI
5580,PATK
5581,PAVM
5582,PAVMZ
5583,PAX
5584,PAXS
5585,PAY
5586,PAYA
5587,PAYC
5588,PAYO
5589,PAYOW
5590,PAYS
5591,PAYX
5592,PB
5593,PBA
5594,PBAX
5595,PBAXU
5596,PBAXW
5597,PBBK
5598,PBF
5599,PBFS
5600,PBFX
5601,PBH
5602,PBHC
5603,PBI
5604,PBIP
5605,PBLA
5606,PBPB
5607,PBR
5608,PBT
5609,PBTS
5610,PBYI
5611,PCAR
5612,PCB
5613,PCCT
5614,PCCTU
5615,PCCTW
5616,PCF
5617,PCG
5618,PCGU
5619,PCH
5620,PCK
5621,PCM
5622,PCN
5623,PCOM
5624,PCOR
5625,PCPC
5626,PCQ
5627,PCRX
5628,PCSA
5629,PCSB
5630,PCT
5631,PCTI
5632,PCTTU
5633,PCTTW
5634,PCTY
5635,PCVX
5636,PCX
5637,PCXCU
5638,PCXCW
5639,PCYG
5640,PCYO
5641,PD
5642,PDCE
5643,PDCO
5644,PDD
5645,PDEX
5646,PDFS
5647,PDI
5648,PDLB
5649,PDM
5650,PDO
5651,PDOT
5652,PDS
5653,PDSB
5654,PDT
5655,PEAK
5656,PEAR
5657,PEARW
5658,PEB
5659,PEBK
5660,PEBO
5661,PECO
5662,PED
5663,PEG
5664,PEGA
5665,PEGR
5666,PEGRU
5667,PEGY
5668,PEI
5669,PEN
5670,PENN
5671,PEO
5672,PEP
5673,PEPG
5674,PEPL
5675,PEPLU
5676,PEPLW
5677,PERI
5678,PESI
5679,PETQ
5680,PETS
5681,PETV
5682,PETVW
5683,PETZ
5684,PFBC
5685,PFC
5686,PFD
5687,PFDR
5688,PFDRU
5689,PFDRW
5690,PFE
5691,PFG
5692,PFGC
5693,PFH
5694,PFHD
5695,PFIE
5696,PFIN
5697,PFIS
5698,PFL
5699,PFLT
5700,PFMT
5701,PFN
5702,PFO
5703,PFS
5704,PFSI
5705,PFSW
5706,PFTA
5707,PFTAU
5708,PFTAW
5709,PFX
5710,PFXNL
5711,PFXNZ
5712,PG
5713,PGC
5714,PGEN
5715,PGNY
5716,PGP
5717,PGR
5718,PGRE
5719,PGRU
5720,PGRW
5721,PGRWU
5722,PGRWW
5723,PGSS
5724,PGTI
5725,PGZ
5726,PH
5727,PHAR
5728,PHAS
5729,PHAT
5730,PHCF
5731,PHD
5732,PHG
5733,PHGE
5734,PHI
5735,PHIC
5736,PHICU
5737,PHICW
5738,PHIO
5739,PHK
5740,PHM
5741,PHR
5742,PHT
5743,PHUN
5744,PHUNW
5745,PHVS
5746,PHX
5747,PHYT
5748,PI
5749,PIAI
5750,PICC
5751,PII
5752,PIII
5753,PIIIW
5754,PIK
5755,PIM
5756,PINC
5757,PINE
5758,PING
5759,PINS
5760,PIPP
5761,PIPR
5762,PIRS
5763,PIXY
5764,PJT
5765,PK
5766,PKBK
5767,PKE
5768,PKG
5769,PKI
5770,PKOH
5771,PKX
5772,PL
5773,PLAB
5774,PLAG
5775,PLAN
5776,PLAO
5777,PLAOU
5778,PLAY
5779,PLBC
5780,PLBY
5781,PLCE
5782,PLD
5783,PLG
5784,PLL
5785,PLM
5786,PLMI
5787,PLMIU
5788,PLMIW
5789,PLMR
5790,PLNT
5791,PLOW
5792,PLPC
5793,PLRX
5794,PLSE
5795,PLTK
5796,PLTR
5797,PLUG
5798,PLUS
5799,PLX
5800,PLXP
5801,PLXS
5802,PLYA
5803,PLYM
5804,PM
5805,PMCB
5806,PMD
5807,PME
5808,PMF
5809,PMGM
5810,PMGMU
5811,PMGMW
5812,PML
5813,PMM
5814,PMO
5815,PMT
5816,PMTS
5817,PMVC
5818,PMVP
5819,PMX
5820,PNBK
5821,PNC
5822,PNF
5823,PNFP
5824,PNFPP
5825,PNI
5826,PNM
5827,PNNT
5828,PNR
5829,PNRG
5830,PNT
5831,PNTG
5832,PNTM
5833,PNW
5834,POAI
5835,PODD
5836,POET
5837,POLA
5838,POLY
5839,POND
5840,PONO
5841,PONOU
5842,PONOW
5843,POOL
5844,POR
5845,PORT
5846,POSH
5847,POST
5848,POW
5849,POWI
5850,POWL
5851,POWRU
5852,POWRW
5853,POWW
5854,POWWP
5855,PPBI
5856,PPBT
5857,PPC
5858,PPG
5859,PPHP
5860,PPHPR
5861,PPHPU
5862,PPHPW
5863,PPIH
5864,PPL
5865,PPSI
5866,PPT
5867,PPTA
5868,PPYA
5869,PPYAU
5870,PPYAW
5871,PRA
5872,PRAA
5873,PRAX
5874,PRBM
5875,PRCH
5876,PRCT
5877,PRDO
5878,PRDS
5879,PRFT
5880,PRFX
5881,PRG
5882,PRGO
5883,PRGS
5884,PRI
5885,PRIM
5886,PRK
5887,PRLB
5888,PRLD
5889,PRLHU
5890,PRLHW
5891,PRM
5892,PRMW
5893,PRO
5894,PROC
5895,PROCW
5896,PROF
5897,PROV
5898,PRPB
5899,PRPC
5900,PRPH
5901,PRPL
5902,PRPO
5903,PRQR
5904,PRS
5905,PRSO
5906,PRSR
5907,PRSRU
5908,PRSRW
5909,PRT
5910,PRTA
5911,PRTC
5912,PRTG
5913,PRTH
5914,PRTK
5915,PRTS
5916,PRTY
5917,PRU
5918,PRVA
5919,PRVB
5920,PSA
5921,PSAG
5922,PSAGU
5923,PSAGW
5924,PSB
5925,PSEC
5926,PSF
5927,PSFE
5928,PSHG
5929,PSMT
5930,PSN
5931,PSNL
5932,PSO
5933,PSPC
5934,PSTG
5935,PSTH
5936,PSTI
5937,PSTL
5938,PSTV
5939,PSTX
5940,PSX
5941,PT
5942,PTA
5943,PTC
5944,PTCT
5945,PTE
5946,PTEN
5947,PTGX
5948,PTIC
5949,PTICU
5950,PTICW
5951,PTIX
5952,PTIXW
5953,PTLO
5954,PTMN
5955,PTN
5956,PTNR
5957,PTOC
5958,PTOCU
5959,PTOCW
5960,PTON
5961,PTPI
5962,PTR
5963,PTRA
5964,PTRS
5965,PTSI
5966,PTVE
5967,PTY
5968,PUBM
5969,PUCK
5970,PUCKU
5971,PUCKW
5972,PUK
5973,PULM
5974,PUMP
5975,PUYI
5976,PV
5977,PVBC
5978,PVH
5979,PVL
5980,PW
5981,PWFL
5982,PWOD
5983,PWP
5984,PWPPW
5985,PWR
5986,PWSC
5987,PWUP
5988,PWUPU
5989,PWUPW
5990,PX
5991,PXD
5992,PXLW
5993,PXS
5994,PXSAP
5995,PXSAW
5996,PYCR
5997,PYN
5998,PYPD
5999,PYPL
6000,PYR
6001,PYS
6002,PYT
6003,PYXS
6004,PZC
6005,PZG
6006,PZN
6007,PZZA
6008,QCOM
6009,QCRH
6010,QD
6011,QDEL
6012,QFIN
6013,QFTA
6014,QGEN
6015,QH
6016,QIPT
6017,QK
6018,QLGN
6019,QLI
6020,QLYS
6021,QMCO
6022,QNGY
6023,QNRX
6024,QNST
6025,QQQX
6026,QRHC
6027,QRTEA
6028,QRTEB
6029,QRTEP
6030,QRVO
6031,QS
6032,QSAM
6033,QSI
6034,QSIAW
6035,QSR
6036,QTEK
6037,QTEKW
6038,QTNT
6039,QTRX
6040,QTT
6041,QTWO
6042,QUAD
6043,QUBT
6044,QUIK
6045,QUMU
6046,QUOT
6047,QURE
6048,QVCC
6049,QVCD
6050,R
6051,RA
6052,RAAS
6053,RACB
6054,RACE
6055,RACY
6056,RACYU
6057,RACYW
6058,RAD
6059,RADA
6060,RADI
6061,RAIL
6062,RAIN
6063,RAM
6064,RAMMU
6065,RAMMW
6066,RAMP
6067,RAND
6068,RANI
6069,RAPT
6070,RARE
6071,RAVE
6072,RBA
6073,RBAC
6074,RBB
6075,RBBN
6076,RBCAA
6077,RBCN
6078,RBKB
6079,RBLX
6080,RBOT
6081,RC
6082,RCA
6083,RCAC
6084,RCACU
6085,RCACW
6086,RCAT
6087,RCB
6088,RCC
6089,RCEL
6090,RCFA
6091,RCG
6092,RCHG
6093,RCHGW
6094,RCI
6095,RCII
6096,RCKT
6097,RCKY
6098,RCL
6099,RCLF
6100,RCLFU
6101,RCLFW
6102,RCM
6103,RCMT
6104,RCON
6105,RCOR
6106,RCRT
6107,RCRTW
6108,RCS
6109,RCUS
6110,RDBX
6111,RDBXW
6112,RDCM
6113,RDFN
6114,RDHL
6115,RDI
6116,RDIB
6117,RDN
6118,RDNT
6119,RDUS
6120,RDVT
6121,RDW
6122,RDWR
6123,RDY
6124,RE
6125,REAL
6126,REAX
6127,REDU
6128,REE
6129,REEAW
6130,REED
6131,REFI
6132,REFR
6133,REG
6134,REGI
6135,REGN
6136,REI
6137,REKR
6138,RELI
6139,RELIW
6140,RELL
6141,RELX
6142,RELY
6143,RENEU
6144,RENN
6145,RENO
6146,RENT
6147,REPL
6148,REPX
6149,RERE
6150,RES
6151,RETA
6152,RETO
6153,REV
6154,REVB
6155,REVBW
6156,REVE
6157,REVEU
6158,REVEW
6159,REVG
6160,REVH
6161,REVHU
6162,REVHW
6163,REX
6164,REXR
6165,REYN
6166,REZI
6167,RF
6168,RFAC
6169,RFACR
6170,RFACU
6171,RFACW
6172,RFI
6173,RFIL
6174,RFL
6175,RFM
6176,RFMZ
6177,RFP
6178,RGA
6179,RGC
6180,RGCO
6181,RGEN
6182,RGF
6183,RGLD
6184,RGLS
6185,RGNX
6186,RGP
6187,RGR
6188,RGS
6189,RGT
6190,RGTI
6191,RGTIW
6192,RH
6193,RHE
6194,RHI
6195,RHP
6196,RIBT
6197,RICK
6198,RICO
6199,RICOU
6200,RICOW
6201,RIDE
6202,RIG
6203,RIGL
6204,RILY
6205,RILYG
6206,RILYK
6207,RILYL
6208,RILYM
6209,RILYN
6210,RILYO
6211,RILYP
6212,RILYT
6213,RILYZ
6214,RIO
6215,RIOT
6216,RIV
6217,RIVN
6218,RJF
6219,RKDA
6220,RKLB
6221,RKLY
6222,RKT
6223,RKTA
6224,RL
6225,RLAY
6226,RLGT
6227,RLGY
6228,RLI
6229,RLJ
6230,RLMD
6231,RLTY
6232,RLX
6233,RLYB
6234,RM
6235,RMAX
6236,RMBI
6237,RMBL
6238,RMBS
6239,RMCF
6240,RMD
6241,RMED
6242,RMGC
6243,RMGCU
6244,RMGCW
6245,RMI
6246,RMM
6247,RMMZ
6248,RMNI
6249,RMO
6250,RMR
6251,RMT
6252,RMTI
6253,RNA
6254,RNAZ
6255,RNDB
6256,RNER
6257,RNERU
6258,RNERW
6259,RNG
6260,RNGR
6261,RNLX
6262,RNP
6263,RNR
6264,RNST
6265,RNW
6266,RNWK
6267,RNWWW
6268,RNXT
6269,ROAD
6270,ROC
6271,ROCAU
6272,ROCC
6273,ROCG
6274,ROCGU
6275,ROCGW
6276,ROCK
6277,ROCL
6278,ROCLU
6279,ROCLW
6280,ROG
6281,ROIC
6282,ROIV
6283,ROIVW
6284,ROK
6285,ROKU
6286,ROL
6287,ROLL
6288,ROLLP
6289,RONI
6290,ROOT
6291,ROP
6292,ROSE
6293,ROSEU
6294,ROSEW
6295,ROSS
6296,ROST
6297,ROVR
6298,RPAY
6299,RPD
6300,RPHM
6301,RPID
6302,RPM
6303,RPRX
6304,RPT
6305,RPTX
6306,RQI
6307,RRAC
6308,RRBI
6309,RRC
6310,RRGB
6311,RRR
6312,RRX
6313,RS
6314,RSF
6315,RSG
6316,RSI
6317,RSKD
6318,RSLS
6319,RSSS
6320,RSVR
6321,RSVRW
6322,RTL
6323,RTLPO
6324,RTLPP
6325,RTLR
6326,RTX
6327,RUBY
6328,RUN
6329,RUSHA
6330,RUSHB
6331,RUTH
6332,RVAC
6333,RVACU
6334,RVACW
6335,RVLP
6336,RVLV
6337,RVMD
6338,RVNC
6339,RVP
6340,RVPH
6341,RVPHW
6342,RVSB
6343,RVSN
6344,RVSNW
6345,RVT
6346,RWAY
6347,RWLK
6348,RWOD
6349,RWODU
6350,RWODW
6351,RWT
6352,RXDX
6353,RXRA
6354,RXRAU
6355,RXRAW
6356,RXRX
6357,RXST
6358,RXT
6359,RY
6360,RYAAY
6361,RYAM
6362,RYAN
6363,RYB
6364,RYI
6365,RYN
6366,RYTM
6367,RZA
6368,RZB
6369,RZLT
6370,S
6371,SA
6372,SABR
6373,SABRP
6374,SABS
6375,SABSW
6376,SACC
6377,SACH
6378,SAFE
6379,SAFM
6380,SAFT
6381,SAGA
6382,SAGAR
6383,SAGAU
6384,SAGE
6385,SAH
6386,SAI
6387,SAIA
6388,SAIC
6389,SAIL
6390,SAITW
6391,SAK
6392,SAL
6393,SALM
6394,SAM
6395,SAMA
6396,SAMAU
6397,SAMAW
6398,SAMG
6399,SAN
6400,SANA
6401,SANB
6402,SANBW
6403,SANG
6404,SANM
6405,SANW
6406,SAP
6407,SAR
6408,SASR
6409,SAT
6410,SATL
6411,SATLW
6412,SATS
6413,SAVA
6414,SAVE
6415,SB
6416,SBAC
6417,SBBA
6418,SBCF
6419,SBET
6420,SBEV
6421,SBFG
6422,SBFM
6423,SBFMW
6424,SBGI
6425,SBH
6426,SBI
6427,SBII
6428,SBLK
6429,SBNY
6430,SBNYP
6431,SBOW
6432,SBR
6433,SBRA
6434,SBS
6435,SBSI
6436,SBSW
6437,SBT
6438,SBTX
6439,SBUX
6440,SCAQ
6441,SCAQU
6442,SCAQW
6443,SCCB
6444,SCCC
6445,SCCD
6446,SCCE
6447,SCCO
6448,SCD
6449,SCHL
6450,SCHN
6451,SCHW
6452,SCI
6453,SCKT
6454,SCL
6455,SCLE
6456,SCLEU
6457,SCLEW
6458,SCM
6459,SCMA
6460,SCMAU
6461,SCOA
6462,SCOAU
6463,SCOAW
6464,SCOB
6465,SCOBU
6466,SCOBW
6467,SCOR
6468,SCPH
6469,SCPL
6470,SCPS
6471,SCRM
6472,SCRMU
6473,SCRMW
6474,SCS
6475,SCSC
6476,SCTL
6477,SCU
6478,SCUA
6479,SCVL
6480,SCWX
6481,SCX
6482,SCYX
6483,SD
6484,SDAC
6485,SDACU
6486,SDACW
6487,SDC
6488,SDGR
6489,SDH
6490,SDHY
6491,SDIG
6492,SDPI
6493,SE
6494,SEAC
6495,SEAS
6496,SEAT
6497,SEATW
6498,SEB
6499,SECO
6500,SEDG
6501,SEE
6502,SEED
6503,SEEL
6504,SEER
6505,SEIC
6506,SELB
6507,SELF
6508,SEM
6509,SEMR
6510,SENEA
6511,SENEB
6512,SENS
6513,SERA
6514,SES
6515,SESN
6516,SEV
6517,SEVN
6518,SF
6519,SFB
6520,SFBC
6521,SFBS
6522,SFE
6523,SFET
6524,SFIX
6525,SFL
6526,SFM
6527,SFNC
6528,SFST
6529,SFT
6530,SFUN
6531,SG
6532,SGA
6533,SGBX
6534,SGC
6535,SGEN
6536,SGFY
6537,SGH
6538,SGHC
6539,SGHL
6540,SGHLU
6541,SGHT
6542,SGII
6543,SGIIU
6544,SGIIW
6545,SGLB
6546,SGLY
6547,SGMA
6548,SGML
6549,SGMO
6550,SGRP
6551,SGRY
6552,SGTX
6553,SGU
6554,SHAC
6555,SHACW
6556,SHAK
6557,SHAP
6558,SHBI
6559,SHC
6560,SHCA
6561,SHCAU
6562,SHCAW
6563,SHCR
6564,SHCRW
6565,SHEL
6566,SHEN
6567,SHG
6568,SHI
6569,SHIP
6570,SHIPZ
6571,SHLS
6572,SHLX
6573,SHO
6574,SHOO
6575,SHOP
6576,SHPW
6577,SHQA
6578,SHQAW
6579,SHUA
6580,SHUAU
6581,SHUAW
6582,SHW
6583,SHYF
6584,SI
6585,SIBN
6586,SID
6587,SIDU
6588,SIEB
6589,SIEN
6590,SIER
6591,SIERU
6592,SIERW
6593,SIF
6594,SIFY
6595,SIG
6596,SIGA
6597,SIGI
6598,SIGIP
6599,SII
6600,SILC
6601,SILK
6602,SILV
6603,SIM
6604,SIMO
6605,SINT
6606,SIOX
6607,SIRE
6608,SIRI
6609,SISI
6610,SITC
6611,SITE
6612,SITM
6613,SIVB
6614,SIVBP
6615,SIX
6616,SJ
6617,SJI
6618,SJIJ
6619,SJIV
6620,SJM
6621,SJR
6622,SJT
6623,SJW
6624,SKE
6625,SKIL
6626,SKIN
6627,SKLZ
6628,SKM
6629,SKT
6630,SKX
6631,SKY
6632,SKYA
6633,SKYAU
6634,SKYAW
6635,SKYH
6636,SKYT
6637,SKYW
6638,SKYX
6639,SLAB
6640,SLAC
6641,SLAM
6642,SLAMU
6643,SLAMW
6644,SLB
6645,SLCA
6646,SLCR
6647,SLCRU
6648,SLCRW
6649,SLDB
6650,SLDP
6651,SLDPW
6652,SLF
6653,SLG
6654,SLGC
6655,SLGCW
6656,SLGG
6657,SLGL
6658,SLGN
6659,SLHG
6660,SLHGP
6661,SLI
6662,SLM
6663,SLMBP
6664,SLN
6665,SLNG
6666,SLNH
6667,SLNHP
6668,SLNO
6669,SLP
6670,SLQT
6671,SLRC
6672,SLRX
6673,SLS
6674,SLVM
6675,SLVR
6676,SLVRU
6677,SLVRW
6678,SM
6679,SMAP
6680,SMAPU
6681,SMAPW
6682,SMAR
6683,SMBC
6684,SMBK
6685,SMCI
6686,SMED
6687,SMFG
6688,SMFL
6689,SMFR
6690,SMFRW
6691,SMG
6692,SMHI
6693,SMID
6694,SMIH
6695,SMIHU
6696,SMIHW
6697,SMIT
6698,SMLP
6699,SMLR
6700,SMM
6701,SMMF
6702,SMMT
6703,SMP
6704,SMPL
6705,SMR
6706,SMRT
6707,SMSI
6708,SMTC
6709,SMTI
6710,SMTS
6711,SMWB
6712,SNA
6713,SNAP
6714,SNAX
6715,SNAXW
6716,SNBR
6717,SNCE
6718,SNCR
6719,SNCRL
6720,SNCY
6721,SND
6722,SNDA
6723,SNDL
6724,SNDR
6725,SNDX
6726,SNES
6727,SNEX
6728,SNFCA
6729,SNGX
6730,SNMP
6731,SNN
6732,SNOA
6733,SNOW
6734,SNP
6735,SNPO
6736,SNPS
6737,SNPX
6738,SNRH
6739,SNRHU
6740,SNRHW
6741,SNSE
6742,SNT
6743,SNTG
6744,SNV
6745,SNX
6746,SNY
6747,SO
6748,SOFI
6749,SOFO
6750,SOHO
6751,SOHOB
6752,SOHON
6753,SOHOO
6754,SOHU
6755,SOI
6756,SOJC
6757,SOJD
6758,SOJE
6759,SOL
6760,SOLN
6761,SOLO
6762,SOLOW
6763,SON
6764,SOND
6765,SONDW
6766,SONM
6767,SONN
6768,SONO
6769,SONX
6770,SONY
6771,SOPA
6772,SOPH
6773,SOR
6774,SOS
6775,SOTK
6776,SOUN
6777,SOUNW
6778,SOVO
6779,SP
6780,SPB
6781,SPCB
6782,SPCE
6783,SPCM
6784,SPCMU
6785,SPCMW
6786,SPE
6787,SPFI
6788,SPG
6789,SPGI
6790,SPGS
6791,SPH
6792,SPI
6793,SPIR
6794,SPK
6795,SPKB
6796,SPKBU
6797,SPKBW
6798,SPLK
6799,SPLP
6800,SPNE
6801,SPNS
6802,SPNT
6803,SPOK
6804,SPOT
6805,SPPI
6806,SPR
6807,SPRB
6808,SPRC
6809,SPRO
6810,SPSC
6811,SPT
6812,SPTK
6813,SPTKU
6814,SPTKW
6815,SPTN
6816,SPWH
6817,SPWR
6818,SPXC
6819,SPXX
6820,SQ
6821,SQFT
6822,SQFTP
6823,SQFTW
6824,SQL
6825,SQLLW
6826,SQM
6827,SQNS
6828,SQSP
6829,SQZ
6830,SR
6831,SRAD
6832,SRAX
6833,SRC
6834,SRCE
6835,SRCL
6836,SRDX
6837,SRE
6838,SREA
6839,SREV
6840,SRG
6841,SRGA
6842,SRI
6843,SRL
6844,SRLP
6845,SRNE
6846,SRPT
6847,SRRA
6848,SRRK
6849,SRSA
6850,SRSAU
6851,SRSAW
6852,SRT
6853,SRTS
6854,SRV
6855,SRZN
6856,SRZNW
6857,SSAA
6858,SSAAU
6859,SSAAW
6860,SSB
6861,SSBI
6862,SSBK
6863,SSD
6864,SSIC
6865,SSKN
6866,SSL
6867,SSNC
6868,SSNT
6869,SSP
6870,SSRM
6871,SSSS
6872,SSSSL
6873,SST
6874,SSTI
6875,SSTK
6876,SSU
6877,SSY
6878,SSYS
6879,ST
6880,STAA
6881,STAB
6882,STAF
6883,STAG
6884,STBA
6885,STC
6886,STCN
6887,STE
6888,STEM
6889,STEP
6890,STER
6891,STEW
6892,STG
6893,STGW
6894,STIM
6895,STK
6896,STKL
6897,STKS
6898,STLA
6899,STLD
6900,STM
6901,STN
6902,STNE
6903,STNG
6904,STOK
6905,STON
6906,STOR
6907,STRA
6908,STRC
6909,STRCW
6910,STRE
6911,STRL
6912,STRM
6913,STRN
6914,STRNW
6915,STRO
6916,STRR
6917,STRRP
6918,STRS
6919,STRT
6920,STRY
6921,STSA
6922,STSS
6923,STSSW
6924,STT
6925,STTK
6926,STVN
6927,STWD
6928,STX
6929,STXS
6930,STZ
6931,SU
6932,SUAC
6933,SUI
6934,SUM
6935,SUMO
6936,SUMR
6937,SUN
6938,SUNL
6939,SUNW
6940,SUP
6941,SUPN
6942,SUPV
6943,SURF
6944,SURG
6945,SURGW
6946,SUZ
6947,SVC
6948,SVFA
6949,SVFAU
6950,SVFAW
6951,SVFB
6952,SVFC
6953,SVFD
6954,SVM
6955,SVNA
6956,SVNAW
6957,SVRA
6958,SVT
6959,SVVC
6960,SWAG
6961,SWAGU
6962,SWAGW
6963,SWAV
6964,SWBI
6965,SWCH
6966,SWET
6967,SWETU
6968,SWETW
6969,SWI
6970,SWIM
6971,SWIR
6972,SWK
6973,SWKH
6974,SWKS
6975,SWM
6976,SWN
6977,SWSS
6978,SWSSU
6979,SWSSW
6980,SWT
6981,SWTX
6982,SWVL
6983,SWVLW
6984,SWX
6985,SWZ
6986,SXC
6987,SXI
6988,SXT
6989,SXTC
6990,SY
6991,SYBT
6992,SYBX
6993,SYF
6994,SYK
6995,SYN
6996,SYNA
6997,SYNH
6998,SYNL
6999,SYPR
7000,SYRS
7001,SYTA
7002,SYTAW
7003,SYY
7004,SZC
7005,SZZL
7006,SZZLU
7007,SZZLW
7008,T
7009,TA
7010,TAC
7011,TACA
7012,TACT
7013,TAIT
7014,TAK
7015,TAL
7016,TALK
7017,TALKW
7018,TALO
7019,TALS
7020,TANH
7021,TANNI
7022,TANNL
7023,TANNZ
7024,TAOP
7025,TAP
7026,TARA
7027,TARO
7028,TARS
7029,TASK
7030,TAST
7031,TATT
7032,TAYD
7033,TBB
7034,TBBK
7035,TBC
7036,TBCP
7037,TBCPU
7038,TBCPW
7039,TBI
7040,TBK
7041,TBKCP
7042,TBLA
7043,TBLAW
7044,TBLD
7045,TBLT
7046,TBLTW
7047,TBNK
7048,TBPH
7049,TBSA
7050,TBSAU
7051,TC
7052,TCAC
7053,TCACU
7054,TCACW
7055,TCBC
7056,TCBI
7057,TCBIO
7058,TCBK
7059,TCBP
7060,TCBPW
7061,TCBS
7062,TCBX
7063,TCDA
7064,TCFC
7065,TCI
7066,TCMD
7067,TCN
7068,TCOA
7069,TCOM
7070,TCON
7071,TCPC
7072,TCRR
7073,TCRT
7074,TCRX
7075,TCS
7076,TCVA
7077,TCX
7078,TD
7079,TDC
7080,TDCX
7081,TDF
7082,TDG
7083,TDOC
7084,TDS
7085,TDUP
7086,TDW
7087,TDY
7088,TEAF
7089,TEAM
7090,TECH
7091,TECK
7092,TECTP
7093,TEDU
7094,TEF
7095,TEI
7096,TEKK
7097,TEKKU
7098,TEKKW
7099,TEL
7100,TELA
7101,TELL
7102,TELZ
7103,TEN
7104,TENB
7105,TENX
7106,TEO
7107,TER
7108,TERN
7109,TESS
7110,TETC
7111,TETCU
7112,TETE
7113,TETEU
7114,TETEW
7115,TEVA
7116,TEX
7117,TFC
7118,TFFP
7119,TFII
7120,TFSA
7121,TFSL
7122,TFX
7123,TG
7124,TGA
7125,TGAA
7126,TGAAU
7127,TGAAW
7128,TGAN
7129,TGB
7130,TGH
7131,TGI
7132,TGLS
7133,TGNA
7134,TGR
7135,TGS
7136,TGT
7137,TGTX
7138,TGVC
7139,TGVCU
7140,TGVCW
7141,TH
7142,THAC
7143,THACU
7144,THACW
7145,THC
7146,THCA
7147,THCAW
7148,THCP
7149,THCPU
7150,THCPW
7151,THFF
7152,THG
7153,THM
7154,THMO
7155,THO
7156,THQ
7157,THR
7158,THRM
7159,THRN
7160,THRX
7161,THRY
7162,THS
7163,THTX
7164,THW
7165,THWWW
7166,TIG
7167,TIGO
7168,TIGR
7169,TIL
7170,TILE
7171,TIMB
7172,TINV
7173,TIOA
7174,TIOAU
7175,TIOAW
7176,TIPT
7177,TIRX
7178,TISI
7179,TITN
7180,TIVC
7181,TIXT
7182,TJX
7183,TK
7184,TKAT
7185,TKC
7186,TKLF
7187,TKNO
7188,TKR
7189,TLGA
7190,TLGY
7191,TLGYU
7192,TLGYW
7193,TLIS
7194,TLK
7195,TLRY
7196,TLS
7197,TLSA
7198,TLYS
7199,TM
7200,TMAC
7201,TMBR
7202,TMC
7203,TMCI
7204,TMCWW
7205,TMDI
7206,TMDX
7207,TME
7208,TMHC
7209,TMKR
7210,TMKRU
7211,TMKRW
7212,TMO
7213,TMP
7214,TMPM
7215,TMPMU
7216,TMPMW
7217,TMQ
7218,TMST
7219,TMUS
7220,TMX
7221,TNC
7222,TNDM
7223,TNET
7224,TNGX
7225,TNK
7226,TNL
7227,TNON
7228,TNP
7229,TNXP
7230,TNYA
7231,TOAC
7232,TOACU
7233,TOI
7234,TOIIW
7235,TOL
7236,TOMZ
7237,TOPS
7238,TOST
7239,TOUR
7240,TOWN
7241,TPB
7242,TPBA
7243,TPBAU
7244,TPC
7245,TPG
7246,TPGY
7247,TPH
7248,TPHS
7249,TPIC
7250,TPL
7251,TPR
7252,TPST
7253,TPTA
7254,TPTX
7255,TPVG
7256,TPX
7257,TPZ
7258,TR
7259,TRAQ
7260,TRC
7261,TRCA
7262,TRDA
7263,TREC
7264,TREE
7265,TREX
7266,TRGP
7267,TRHC
7268,TRI
7269,TRIB
7270,TRIN
7271,TRIP
7272,TRIS
7273,TRKA
7274,TRKAW
7275,TRMB
7276,TRMD
7277,TRMK
7278,TRMR
7279,TRN
7280,TRNO
7281,TRNS
7282,TRON
7283,TRONU
7284,TRONW
7285,TROO
7286,TROW
7287,TROX
7288,TRP
7289,TRQ
7290,TRS
7291,TRST
7292,TRT
7293,TRTL
7294,TRTN
7295,TRTX
7296,TRU
7297,TRUE
7298,TRUP
7299,TRV
7300,TRVG
7301,TRVI
7302,TRVN
7303,TRX
7304,TS
7305,TSAT
7306,TSBK
7307,TSC
7308,TSCAP
7309,TSCBP
7310,TSCO
7311,TSE
7312,TSEM
7313,TSHA
7314,TSI
7315,TSIB
7316,TSIBU
7317,TSIBW
7318,TSLA
7319,TSLX
7320,TSM
7321,TSN
7322,TSP
7323,TSPQ
7324,TSQ
7325,TSRI
7326,TSVT
7327,TT
7328,TTC
7329,TTCF
7330,TTD
7331,TTE
7332,TTEC
7333,TTEK
7334,TTGT
7335,TTI
7336,TTM
7337,TTMI
7338,TTNP
7339,TTOO
7340,TTP
7341,TTSH
7342,TTWO
7343,TU
7344,TUEM
7345,TUFN
7346,TUP
7347,TURN
7348,TUSK
7349,TUYA
7350,TV
7351,TVC
7352,TVE
7353,TVTX
7354,TVTY
7355,TW
7356,TWCB
7357,TWCBU
7358,TWCBW
7359,TWI
7360,TWIN
7361,TWKS
7362,TWLO
7363,TWLV
7364,TWLVU
7365,TWLVW
7366,TWN
7367,TWND
7368,TWNI
7369,TWNK
7370,TWO
7371,TWOA
7372,TWOU
7373,TWST
7374,TWTR
7375,TX
7376,TXG
7377,TXMD
7378,TXN
7379,TXRH
7380,TXT
7381,TY
7382,TYG
7383,TYL
7384,TYME
7385,TYRA
7386,TZOO
7387,TZPS
7388,TZPSU
7389,TZPSW
7390,U
7391,UA
7392,UAA
7393,UAL
7394,UAMY
7395,UAN
7396,UAVS
7397,UBA
7398,UBCP
7399,UBER
7400,UBFO
7401,UBOH
7402,UBP
7403,UBS
7404,UBSI
7405,UBX
7406,UCBI
7407,UCBIO
7408,UCL
7409,UCTT
7410,UDMY
7411,UDR
7412,UE
7413,UEC
7414,UEIC
7415,UEPS
7416,UFAB
7417,UFCS
7418,UFI
7419,UFPI
7420,UFPT
7421,UG
7422,UGI
7423,UGIC
7424,UGP
7425,UGRO
7426,UHAL
7427,UHS
7428,UHT
7429,UI
7430,UIHC
7431,UIS
7432,UK
7433,UKOMW
7434,UL
7435,ULBI
7436,ULCC
7437,ULH
7438,ULTA
7439,UMBF
7440,UMC
7441,UMH
7442,UMPQ
7443,UNAM
7444,UNB
7445,UNCY
7446,UNF
7447,UNFI
7448,UNH
7449,UNIT
7450,UNM
7451,UNMA
7452,UNP
7453,UNTY
7454,UNVR
7455,UONE
7456,UONEK
7457,UP
7458,UPC
7459,UPH
7460,UPLD
7461,UPS
7462,UPST
7463,UPTD
7464,UPTDU
7465,UPTDW
7466,UPWK
7467,URBN
7468,URG
7469,URGN
7470,URI
7471,UROY
7472,USA
7473,USAC
7474,USAK
7475,USAP
7476,USAS
7477,USAU
7478,USB
7479,USCB
7480,USCT
7481,USCTU
7482,USCTW
7483,USDP
7484,USEG
7485,USER
7486,USFD
7487,USIO
7488,USLM
7489,USM
7490,USNA
7491,USPH
7492,USWS
7493,USWSW
7494,USX
7495,UTAA
7496,UTAAU
7497,UTAAW
7498,UTF
7499,UTG
7500,UTHR
7501,UTI
7502,UTL
7503,UTMD
7504,UTME
7505,UTRS
7506,UTSI
7507,UTZ
7508,UUU
7509,UUUU
7510,UVE
7511,UVSP
7512,UVV
7513,UWMC
7514,UXIN
7515,UZD
7516,UZE
7517,UZF
7518,V
7519,VABK
7520,VAC
7521,VACC
7522,VAL
7523,VALE
7524,VALN
7525,VALU
7526,VAPO
7527,VAQC
7528,VATE
7529,VAXX
7530,VBF
7531,VBFC
7532,VBIV
7533,VBLT
7534,VBNK
7535,VBOCU
7536,VBOCW
7537,VBTX
7538,VC
7539,VCEL
7540,VCIF
7541,VCKA
7542,VCKAU
7543,VCKAW
7544,VCNX
7545,VCSA
7546,VCTR
7547,VCV
7548,VCXA
7549,VCXAU
7550,VCXAW
7551,VCXB
7552,VCYT
7553,VEC
7554,VECO
7555,VECT
7556,VEEE
7557,VEEV
7558,VEL
7559,VELO
7560,VELOU
7561,VELOW
7562,VENA
7563,VENAR
7564,VENAU
7565,VENAW
7566,VEON
7567,VERA
7568,VERB
7569,VERBW
7570,VERI
7571,VERO
7572,VERU
7573,VERV
7574,VERX
7575,VERY
7576,VET
7577,VEV
7578,VFC
7579,VFF
7580,VFL
7581,VG
7582,VGFC
7583,VGI
7584,VGII
7585,VGM
7586,VGR
7587,VGZ
7588,VHAQ
7589,VHC
7590,VHI
7591,VHNA
7592,VHNAW
7593,VIA
7594,VIAO
7595,VIASP
7596,VIAV
7597,VICI
7598,VICR
7599,VIEW
7600,VIEWW
7601,VIGL
7602,VII
7603,VIIAU
7604,VIIAW
7605,VINC
7606,VINE
7607,VINO
7608,VINP
7609,VIOT
7610,VIPS
7611,VIR
7612,VIRC
7613,VIRI
7614,VIRT
7615,VIRX
7616,VISL
7617,VIST
7618,VITL
7619,VIV
7620,VIVE
7621,VIVK
7622,VIVO
7623,VJET
7624,VKI
7625,VKQ
7626,VKTX
7627,VLAT
7628,VLATU
7629,VLATW
7630,VLCN
7631,VLD
7632,VLDR
7633,VLDRW
7634,VLGEA
7635,VLN
7636,VLNS
7637,VLO
7638,VLON
7639,VLRS
7640,VLT
7641,VLTA
7642,VLY
7643,VLYPO
7644,VLYPP
7645,VMAR
7646,VMC
7647,VMCA
7648,VMCAU
7649,VMD
7650,VMEO
7651,VMGA
7652,VMGAU
7653,VMI
7654,VMO
7655,VMW
7656,VNCE
7657,VNDA
7658,VNET
7659,VNO
7660,VNOM
7661,VNRX
7662,VNT
7663,VNTR
7664,VOC
7665,VOD
7666,VOR
7667,VORB
7668,VORBW
7669,VOXX
7670,VOYA
7671,VPCB
7672,VPCBU
7673,VPCBW
7674,VPG
7675,VPV
7676,VQS
7677,VRA
7678,VRAR
7679,VRAY
7680,VRCA
7681,VRDN
7682,VRE
7683,VREX
7684,VRM
7685,VRME
7686,VRMEW
7687,VRNA
7688,VRNS
7689,VRNT
7690,VRPX
7691,VRRM
7692,VRSK
7693,VRSN
7694,VRT
7695,VRTS
7696,VRTV
7697,VRTX
7698,VS
7699,VSAC
7700,VSACU
7701,VSACW
7702,VSAT
7703,VSCO
7704,VSEC
7705,VSH
7706,VSSYW
7707,VST
7708,VSTA
7709,VSTM
7710,VSTO
7711,VTAQ
7712,VTAQR
7713,VTAQU
7714,VTAQW
7715,VTEX
7716,VTGN
7717,VTIQ
7718,VTIQU
7719,VTIQW
7720,VTN
7721,VTNR
7722,VTOL
7723,VTR
7724,VTRS
7725,VTRU
7726,VTSI
7727,VTVT
7728,VTYX
7729,VUZI
7730,VVI
7731,VVNT
7732,VVOS
7733,VVPR
7734,VVR
7735,VVV
7736,VWE
7737,VWEWW
7738,VWTR
7739,VXRT
7740,VYGG
7741,VYGR
7742,VYNE
7743,VYNT
7744,VZ
7745,VZIO
7746,VZLA
7747,W
7748,WAB
7749,WABC
7750,WAFD
7751,WAFDP
7752,WAFU
7753,WAL
7754,WALD
7755,WALDU
7756,WALDW
7757,WARR
7758,WASH
7759,WAT
7760,WATT
7761,WAVC
7762,WAVD
7763,WAVE
7764,WAVS
7765,WAVSU
7766,WAVSW
7767,WB
7768,WBA
7769,WBD
7770,WBEV
7771,WBS
7772,WBT
7773,WBX
7774,WCC
7775,WCN
7776,WD
7777,WDAY
7778,WDC
7779,WDFC
7780,WDH
7781,WDI
7782,WE
7783,WEA
7784,WEAV
7785,WEBR
7786,WEC
7787,WEI
7788,WEJO
7789,WEJOW
7790,WEL
7791,WELL
7792,WEN
7793,WERN
7794,WES
7795,WETF
7796,WEX
7797,WEYS
7798,WF
7799,WFC
7800,WFCF
7801,WFG
7802,WFRD
7803,WGO
7804,WH
7805,WHD
7806,WHF
7807,WHG
7808,WHLM
7809,WHLR
7810,WHLRD
7811,WHLRL
7812,WHLRP
7813,WHR
7814,WIA
7815,WILC
7816,WIMI
7817,WINA
7818,WING
7819,WINT
7820,WINV
7821,WINVU
7822,WINVW
7823,WIRE
7824,WISA
7825,WISH
7826,WIT
7827,WIW
7828,WIX
7829,WK
7830,WKEY
7831,WKHS
7832,WKME
7833,WKSP
7834,WKSPW
7835,WLDN
7836,WLFC
7837,WLK
7838,WLKP
7839,WLL
7840,WLMS
7841,WLY
7842,WLYB
7843,WM
7844,WMB
7845,WMC
7846,WMG
7847,WMK
7848,WMPN
7849,WMS
7850,WMT
7851,WNC
7852,WNEB
7853,WNNR
7854,WNS
7855,WNW
7856,WOLF
7857,WOOF
7858,WOR
7859,WORX
7860,WOW
7861,WPC
7862,WPCA
7863,WPCB
7864,WPM
7865,WPP
7866,WPRT
7867,WQGA
7868,WRAC
7869,WRAP
7870,WRB
7871,WRBY
7872,WRE
7873,WRK
7874,WRLD
7875,WRN
7876,WSBC
7877,WSBCP
7878,WSBF
7879,WSC
7880,WSFS
7881,WSM
7882,WSO
7883,WSR
7884,WST
7885,WSTG
7886,WTBA
7887,WTER
7888,WTFC
7889,WTFCM
7890,WTFCP
7891,WTI
7892,WTM
7893,WTMA
7894,WTMAR
7895,WTMAU
7896,WTRG
7897,WTRH
7898,WTS
7899,WTT
7900,WTTR
7901,WTW
7902,WU
7903,WULF
7904,WVE
7905,WVFC
7906,WVVI
7907,WVVIP
7908,WW
7909,WWAC
7910,WWACU
7911,WWACW
7912,WWD
7913,WWE
7914,WWR
7915,WWW
7916,WY
7917,WYNN
7918,WYY
7919,X
7920,XAIR
7921,XBIO
7922,XBIT
7923,XCUR
7924,XEL
7925,XELA
7926,XELAP
7927,XELB
7928,XENE
7929,XENT
7930,XERS
7931,XFIN
7932,XFINU
7933,XFINW
7934,XFLT
7935,XFOR
7936,XGN
7937,XHR
7938,XIN
7939,XL
7940,XLO
7941,XM
7942,XMTR
7943,XNCR
7944,XNET
7945,XOM
7946,XOMA
7947,XOMAO
7948,XOMAP
7949,XOS
7950,XOSWW
7951,XP
7952,XPAX
7953,XPAXU
7954,XPAXW
7955,XPDB
7956,XPDBW
7957,XPEL
7958,XPER
7959,XPEV
7960,XPL
7961,XPO
7962,XPOA
7963,XPOF
7964,XPON
7965,XPRO
7966,XRAY
7967,XRTX
7968,XRX
7969,XSPA
7970,XTLB
7971,XTNT
7972,XXII
7973,XYF
7974,XYL
7975,Y
7976,YALA
7977,YCBD
7978,YELL
7979,YELP
7980,YETI
7981,YEXT
7982,YGMZ
7983,YI
7984,YJ
7985,YMAB
7986,YMM
7987,YMTX
7988,YORW
7989,YOTAU
7990,YOU
7991,YPF
7992,YQ
7993,YRD
7994,YSG
7995,YTEN
7996,YTPG
7997,YTRA
7998,YUM
7999,YUMC
8000,YVR
8001,YY
8002,Z
8003,ZBH
8004,ZBRA
8005,ZCMD
8006,ZD
8007,ZDGE
8008,ZEAL
8009,ZEN
8010,ZENV
8011,ZEPP
8012,ZEST
8013,ZETA
8014,ZEUS
8015,ZEV
8016,ZG
8017,ZGN
8018,ZH
8019,ZI
8020,ZIM
8021,ZIMV
8022,ZING
8023,ZINGU
8024,ZINGW
8025,ZION
8026,ZIONL
8027,ZIONO
8028,ZIONP
8029,ZIP
8030,ZIVO
8031,ZIVOW
8032,ZKIN
8033,ZLAB
8034,ZM
8035,ZME
8036,ZNGA
8037,ZNH
8038,ZNTL
8039,ZOM
8040,ZS
8041,ZSAN
8042,ZT
8043,ZTAQU
8044,ZTAQW
8045,ZTEK
8046,ZTO
8047,ZTR
8048,ZTS
8049,ZUMZ
8050,ZUO
8051,ZVIA
8052,ZVO
8053,ZWRK
8054,ZWRKU
8055,ZWRKW
8056,ZWS
8057,ZY
8058,ZYME
8059,ZYNE
8060,ZYXI
